:020000040000fa
:020000041fc01b
:042ff000ffffff3fa1
:020000040000fa
:020000041fc01b
:042ff400d879f9ff90
:020000040000fa
:020000041fc01b
:042ff8005bce74ff39
:020000040000fa
:020000041fc01b
:042ffc00f7ffff7f5d
:020000040000fa
:020000041fc01b
:100000000200f00f0000000000601a40c0045a7f98
:100010000500401300000000019d1a3cb0555a270e
:10002000080040030000000002a01d3cf8ffbd27af
:1000300000a01c3cf07f9c27026009402058200152
:10004000801e2a7d8449497d02608940c0000000ed
:1000500000e0dc4102608b40c0000000019d083cd4
:100060008856082509f800010000000000a0083c9f
:100070003800082500a0093cc41029250300001001
:1000800000000000000000ad040008252b08090155
:10009000fcff201400000000019d083c00440825de
:1000a00009f80001000000000000093c00002925bb
:1000b00010002011000000000200093c000029256a
:1000c00088bf0a3c10204a25000049ad0200093cc7
:1000d0000000292588bf0a3c20204a25000049ada0
:1000e0000200093c0000292588bf0a3c30204a252f
:1000f000000049ad00488040ffff0a2400588a40b4
:100100004000083c00600a4025500a0100608a4017
:10011000c09f093c00102925c000000001788940db
:100120000000093c0100292500000a2444492a7dd9
:1001300001608a408000093c0068894000800840d6
:100140008005097d404c0900006008405800013cd2
:10015000244001012540280100608840c0000000c3
:10016000019d083c9056082509f800010000000098
:1001700000600840bfff013cffff21342440010123
:1001800000608840000084300000a530019d083cdc
:0c0190000c4c08250800000100000000d5
:020000040000fa
:020000041fc01b
:10038000019d1a3c904d5a270800400300000000d0
:020000040000fa
:020000041fc01b
:10118000019d1a3c643c5a270800400300000000ff
:020000040000fa
:020000041fc01b
:081200007653400b00000000d2
:020000040000fa
:020000041fc01b
:081220007653400b00000000b2
:020000040000fa
:020000041fc01b
:081240007653400b0000000092
:020000040000fa
:020000041fc01b
:081260007653400b0000000072
:020000040000fa
:020000041fc01b
:081280009139400b0000000051
:020000040000fa
:020000041fc01b
:0812a0007653400b0000000032
:020000040000fa
:020000041fc01b
:0812c0007653400b0000000012
:020000040000fa
:020000041fc01b
:0812e0007653400b00000000f2
:020000040000fa
:020000041fc01b
:081300007653400b00000000d1
:020000040000fa
:020000041fc01b
:081320007653400b00000000b1
:020000040000fa
:020000041fc01b
:081340007653400b0000000091
:020000040000fa
:020000041fc01b
:081360007653400b0000000071
:020000040000fa
:020000041fc01b
:081380007653400b0000000051
:020000040000fa
:020000041fc01b
:0813a0007653400b0000000031
:020000040000fa
:020000041fc01b
:0813c0007653400b0000000011
:020000040000fa
:020000041fc01b
:0813e0007653400b00000000f1
:020000040000fa
:020000041fc01b
:081400007653400b00000000d0
:020000040000fa
:020000041fc01b
:081420007653400b00000000b0
:020000040000fa
:020000041fc01b
:081440007653400b0000000090
:020000040000fa
:020000041fc01b
:081460007653400b0000000070
:020000040000fa
:020000041fc01b
:081480007653400b0000000050
:020000040000fa
:020000041fc01b
:0814a0007653400b0000000030
:020000040000fa
:020000041fc01b
:0814c0007653400b0000000010
:020000040000fa
:020000041fc01b
:0814e0007653400b00000000f0
:020000040000fa
:020000041fc01b
:081500007653400b00000000cf
:020000040000fa
:020000041fc01b
:081520007653400b00000000af
:020000040000fa
:020000041fc01b
:081540007653400b000000008f
:020000040000fa
:020000041fc01b
:081560007653400b000000006f
:020000040000fa
:020000041fc01b
:081580007653400b000000004f
:020000040000fa
:020000041fc01b
:0815a0007653400b000000002f
:020000040000fa
:020000041fc01b
:0815c0007653400b000000000f
:020000040000fa
:020000041fc01b
:0815e0007653400b00000000ef
:020000040000fa
:020000041fc01b
:081600007653400b00000000ce
:020000040000fa
:020000041fc01b
:081620007653400b00000000ae
:020000040000fa
:020000041fc01b
:081640007653400b000000008e
:020000040000fa
:020000041fc01b
:081660007653400b000000006e
:020000040000fa
:020000041fc01b
:081680007653400b000000004e
:020000040000fa
:020000041fc01b
:0816a0007653400b000000002e
:020000040000fa
:020000041fc01b
:0816c0007653400b000000000e
:020000040000fa
:020000041fc01b
:0816e0007653400b00000000ee
:020000040000fa
:020000041fc01b
:081700007653400b00000000cd
:020000040000fa
:020000041fc01b
:081720007653400b00000000ad
:020000040000fa
:020000041fc01b
:081740007653400b000000008d
:020000040000fa
:020000041fc01b
:081760007653400b000000006d
:020000040000fa
:020000041fc01b
:081780007653400b000000004d
:020000040000fa
:020000041fc01b
:0817a0007653400b000000002d
:020000040000fa
:020000041fc01b
:0817c0007653400b000000000d
:020000040000fa
:020000041fc01b
:0817e0007653400b00000000ed
:020000040000fa
:020000041fc01b
:081800007653400b00000000cc
:020000040000fa
:020000041fc01b
:081820007653400b00000000ac
:020000040000fa
:020000041fc01b
:081840007653400b000000008c
:020000040000fa
:020000041fc01b
:081860007653400b000000006c
:020000040000fa
:020000041d00dd
:10000000d0ffbd272c00bfaf2800beaf21f0a0035a
:100010003000c4af2120a0002118c0002110e00052
:100020003400c4a73800c3a73c00c2a73400c3975c
:100030003c00c29742100200ffff423023106200d2
:10004000ffff4230202e027c3800c3974000c29749
:1000500042100200ffff423023106200ffff4230d7
:10006000201e027c3c00c2974000c4971000a4af41
:100070004400c4971400a4af4800c4971800a4af6c
:100080004c00c4971c00a4af5000c48f2000a4af44
:100090005400c4932400a4af3000c48f213060000a
:1000a000213840003100400f0000000021e8c0036b
:1000b0002c00bf8f2800be8f3000bd270800e00352
:1000c00000000000e8ffbd271400bfaf1000beaf66
:1000d00021f0a0031800c4af2120a0002118c00007
:1000e0002110e0001c00c4a72000c3a72400c2a761
:1000f0001800c28f1c00c397000043a41800c28fd1
:100100002000c397020043a41800c28f2400c397a5
:10011000080043a41800c28f2800c3970a0043a414
:100120001800c28f2c00c3970e0043a41800c28f82
:100130003000c397100043a41800c28f3400c39747
:10014000120043a41800c28f3c00c3930c0043a0cc
:100150001800c28f14004224212040003800c58faf
:10016000090006241e4e400f0000000021e8c003d5
:100170001400bf8f1000be8f1800bd270800e003d9
:1001800000000000d0ffbd272c00bfaf2800beaf8d
:1001900021f0a0033000c4af2110a0003400c2a39e
:1001a0003400c29301004238ff0042300c0040107e
:1001b000000000003000c28f100042941800c2a757
:1001c0003000c28f0e0042941a00c2a73000c28fc6
:1001d000120042941c00c2a78100400b00000000e6
:1001e0003000c28f120042941800c2a73000c28fa4
:1001f0000e0042941a00c2a73000c28f1000429431
:100200001c00c2a7050002241e00c2a33000c28f3a
:1002100000004284ffff44303000c28f020042845d
:10022000ffff45303000c28f080043943000c28f7a
:100230000a0042941e00c693ffffc6301000a6af0e
:100240001800c6971400a6af213060002138400086
:10025000750d400f000000003000c28f0000428486
:10026000ffff44303000c28f02004284ffff453060
:100270003000c28f080043943000c28f0a004294bd
:100280001e00c693ffffc6301000a6af1a00c69727
:100290001400a6af21306000213840006a07400feb
:1002a000000000001c00c3971800c29721206000c6
:1002b00021284000dd14400f000000003000c28ff4
:1002c0000c004290212040008010400f00000000f0
:1002d0008717400f000000001f00c2a33000c28f2c
:1002e0000d004290212040009017400f00000000b8
:1002f000a817400f000000002000c2a72120000026
:100300009c17400f000000003000c28f14004424ee
:100310003000c28f00004284ffff43303000c28fa4
:100320000800429442100200ffff42302110620098
:10033000ffff43303000c28f04004284ffff423091
:1003400021106200ffff43303000c28f0200428460
:10035000ffff45303000c28f0a0042944210020075
:10036000ffff42302110a200ffff45303000c28f56
:1003700006004284ffff42302110a200ffff4230fe
:10038000fcff4224ffff4230212860002130400062
:100390000912400f000000001f00c29321204000fe
:1003a0009017400f000000002000c297212040005d
:1003b0009c17400f0000000021e8c0032c00bf8ff5
:1003c0002800be8f3000bd270800e00300000000b9
:1003d000f8ffbd270400beaf21f0a0030800c4afa2
:1003e0002120a0002118c0002110e0000c00c4a7ab
:1003f0001000c3a71400c2a30800c28f0c00c3974b
:10040000040043a40800c28f1000c397060043a451
:100410000800c28f1400c3930d0043a021e8c0035d
:100420000400be8f0800bd270800e00300000000a4
:10043000f8ffbd270400beaf21f0a0030800c4af41
:100440002118a0002110c0000c00c3a71000c2a7f3
:100450000800c28f000042840c00c3872a1062008b
:100460001e004014000000000c00c3870800c28f6b
:1004700000004284212040000800c28f08004294fe
:10048000211082002a1062001400401000000000b9
:100490000800c28f020042841000c3872a10620045
:1004a0000e004014000000001000c3870800c28f37
:1004b00002004284212040000800c28f0a004294ba
:1004c000211082002a106200040040100000000089
:1004d000010002243801400b000000002110000040
:1004e00001004230ff00423021e8c0030400be8f0b
:1004f0000800bd270800e00300000000f8ffbd274a
:100500000400beaf21f0a0030800c4af2110a0007a
:100510000c00c2a30800c28f1e0043900800c28fc7
:100520001f0043a00800c28f0c00c3931e0043a00d
:1005300021e8c0030400be8f0800bd270800e003c7
:1005400000000000f8ffbd270400beaf21f0a003ab
:100550000800c4af0800c28f1e00429021e8c0030b
:100560000400be8f0800bd270800e0030000000063
:10057000f8ffbd270400beaf21f0a0030800c4af00
:100580000800c28f1e0042900a00401000000000c8
:100590000800c28f1f00429001004238ff00423025
:1005a0000400401000000000010002246e01400b16
:1005b000000000002110000001004230ff00423026
:1005c00021e8c0030400be8f0800bd270800e00337
:1005d00000000000f8ffbd270400beaf21f0a0031b
:1005e0000800c4af0800c28f1e00429001004238cc
:1005f000ff00423008004010000000000800c28fd9
:100600001f0042900400401000000000010002247e
:100610008701400b00000000211000000100423063
:10062000ff00423021e8c0030400be8f0800bd2750
:100630000800e00300000000f0ffbd270c00beaf83
:1006400021f0a0031000c4af1400c5af1000c28f8a
:10065000000042940000c2a71400c28f000043941f
:100660001000c28f000043a41400c28f0000c39783
:10067000000043a421e8c0030c00be8f1000bd277a
:100680000800e00300000000e8ffbd271400bfaf32
:100690001000beaf21f0a003211080001800c2a3fb
:1006a00002000424b84f400f0000000002000424a0
:1006b0002001052408000624184c400f000000000b
:1006c0001800c2930700401000000000020004243c
:1006d000010005242955400f00000000bd01400b1a
:1006e0000000000002000424030005242955400fe7
:1006f0000000000021e8c0031400bf8f1000be8f6f
:100700001800bd270800e00300000000e0ffbd273f
:100710001c00bfaf1800beaf21f0a0032110800065
:100720002000c2a32000c29302000424212840001c
:10073000bc52400f0000000002000424a452400fed
:10074000000000001000c2a321e8c0031c00bf8ffe
:100750001800be8f2000bd270800e0030000000045
:10076000e8ffbd271400bfaf1000beaf21f0a0030b
:10077000211080001800c2a388bf033c2061629052
:100780008431027c206162a021200000c301400f5f
:10079000000000001800c29321204000c301400f58
:1007a0000000000021e8c0031400bf8f1000be8fbe
:1007b0001800bd270800e00300000000e8ffbd2787
:1007c0001400bfaf1000beaf21f0a00321108000c5
:1007d0001800c2a388bf033c20616290010004247a
:1007e0008431827c206162a021200000c301400f7f
:1007f000000000001800c29321204000c301400ff8
:100800000000000021e8c0031400bf8f1000be8f5d
:100810001800bd270800e00300000000e8ffbd2726
:100820001400bfaf1000beaf21f0a00388bf033c8f
:10083000006162908431027c006162a088bf033c49
:1008400000616290c439027c006162a088bf033cf1
:10085000006162904429027c006162a088bf033c71
:100860002061629001000424c439827c206162a06e
:1008700001000424a201400f0000000088bf033cd7
:1008800020616290010004244429827c206162a0de
:10089000f4010424a838400f0000000088bf033c86
:1008a000206162904429027c206162a0f40104244a
:1008b000a838400f0000000088bf033c2061629010
:1008c000010004244429827c206162a09600042453
:1008d000a838400f0000000088bf033c20616290f0
:1008e000c439027c206162a011000424d801400fa9
:1008f0000000000078000424a838400f0000000029
:100900003a000424d801400f0000000055000424e0
:10091000ef01400f00000000c2000424d801400f86
:100920000000000044000424ef01400f000000001c
:10093000c5000424d801400f000000002120000061
:10094000ef01400f0000000021200000ef01400fe8
:100950000000000021200000ef01400f0000000017
:1009600021200000ef01400f00000000e0000424ff
:10097000d801400f000000000f000424ef01400fd9
:10098000000000001f000424ef01400f00000000e1
:100990001c000424ef01400f000000000c000424a0
:1009a000ef01400f000000000f000424ef01400f92
:1009b0000000000008000424ef01400f00000000c8
:1009c00048000424ef01400f0000000098000424b8
:1009d000ef01400f0000000037000424ef01400f3a
:1009e000000000000a000424ef01400f0000000096
:1009f00013000424ef01400f000000000400042451
:100a0000ef01400f0000000011000424ef01400f2f
:100a1000000000000d000424ef01400f0000000062
:100a200021200000ef01400f00000000e10004243d
:100a3000d801400f000000000f000424ef01400f18
:100a40000000000032000424ef01400f000000000d
:100a50002e000424ef01400f000000000b000424ce
:100a6000ef01400f000000000d000424ef01400fd3
:100a70000000000005000424ef01400f000000000a
:100a800047000424ef01400f00000000750004241b
:100a9000ef01400f0000000037000424ef01400f79
:100aa0000000000006000424ef01400f00000000d9
:100ab00010000424ef01400f000000000300042494
:100ac000ef01400f0000000024000424ef01400f5c
:100ad0000000000020000424ef01400f000000008f
:100ae00021200000ef01400f00000000210004243d
:100af000d801400f0000000036000424d801400f48
:100b00000000000048000424ef01400f0000000036
:100b100029000424d801400f000000000300042431
:100b2000f80f400f0000000096000424a838400f82
:100b30000000000088bf033c206162900100042493
:100b4000c439827c206162a021e8c0031400bf8ff9
:100b50001000be8f1800bd270800e0030000000051
:100b6000e0ffbd271c00bfaf1800beaf21f0a003ff
:100b7000214080002120a0002118c0002110e000a9
:100b80002000c8a72400c4a72800c3a72c00c2a720
:100b900088bf033c20616290c439027c206162a05e
:100ba0002a000424d801400f0000000088bf033c45
:100bb00020616290010004248431827c206162a063
:100bc0002000c2971000c2a32000c29702120200a8
:100bd000ffff42301100c2a31000c2932120400049
:100be000c301400f000000001100c293212040000b
:100bf000c301400f000000001100c29321204000fb
:100c0000c301400f000000001000c29321204000eb
:100c1000c301400f000000002800c2971000c2a3cb
:100c20002800c29702120200ffff42301100c2a347
:100c30001000c29321204000c301400f00000000bb
:100c40001100c29321204000c301400f00000000aa
:100c50001100c29321204000c301400f000000009a
:100c60001000c29321204000c301400f000000008b
:100c70002b000424d801400f0000000088bf033c73
:100c800020616290010004248431827c206162a092
:100c90002400c2971000c2a32400c29702120200cf
:100ca000ffff42301100c2a31000c2932120400078
:100cb000c301400f000000001100c293212040003a
:100cc000c301400f000000001100c293212040002a
:100cd000c301400f000000001000c293212040001b
:100ce000c301400f000000002c00c2971000c2a3f7
:100cf0002c00c29702120200ffff42301100c2a373
:100d00001000c29321204000c301400f00000000ea
:100d10001100c29321204000c301400f00000000d9
:100d20001100c29321204000c301400f00000000c9
:100d30001000c29321204000c301400f00000000ba
:100d400088bf033c2061629001000424c439827c86
:100d5000206162a021e8c0031c00bf8f1800be8f75
:100d60002000bd270800e00300000000e8ffbd27c9
:100d70001400bfaf1000beaf21f0a003211080000f
:100d80001800c2a71800c29702120200ffff4230eb
:100d9000ff00423021204000c301400f000000004e
:100da0001800c297ff00423021204000c301400fcd
:100db0000000000021e8c0031400bf8f1000be8fa8
:100dc0001800bd270800e00300000000e8ffbd2771
:100dd0001400bfaf1000beaf21f0a00321108000af
:100de0001c00c5af1800c2a788bf033c20616290f9
:100df000c439027c206162a02c000424d801400f79
:100e00000000000088bf033c2061629001000424c0
:100e10008431827c206162a08c03400b00000000c2
:100e20001800c297212040005b03400f0000000023
:100e30001c00c28fffff43241c00c3aff8ff401407
:100e40000000000088bf033c206162900100042480
:100e5000c439827c206162a021e8c0031400bf8fe6
:100e60001000be8f1800bd270800e003000000003e
:100e7000a8ffbd275400bfaf5000beaf4c00b7afb6
:100e80004800b6af4400b5af4000b4af3c00b3afcc
:100e90003800b2af3400b1af3000b0af21f0a003e2
:100ea0005800c4af2120a0002118c0002110e0008c
:100eb0005c00c4a76000c3a76400c2a72110a00300
:100ec0002800c2af228082975c00c3972b1062007b
:100ed0000600401000000000208082976000c39749
:100ee0002b10620003004014000000009804400b27
:100ef000000000005c00c3976400c29721106200ec
:100f0000ffff4324228082972a10620005004014cc
:100f100000000000228083975c00c29723106200cb
:100f20006400c2a76000c3976800c29721106200e6
:100f3000ffff4324208082972a106200050040149e
:100f400000000000208083976000c2972310620099
:100f50006800c2a75c00c3976400c29721106200ba
:100f6000ffff4230ffff4224ffff43306000c49781
:100f70006800c29721108200ffff4230ffff422429
:100f8000ffff42305c00c4976000c59721306000cd
:100f900021384000d802400f0000000088bf033c09
:100fa00020616290010004248431827c206162a06f
:100fb00088bf033c20616290c439027c206162a03a
:100fc0006400c3972110600040100200211043000c
:100fd00001004224ffff43241c00c3af211840003e
:100fe0002190600021980000421f1200c0b8130039
:100ff00025b87700c0b012002118400021806000a1
:1010000021880000421f1000c0a8110025a875000b
:10101000c0a0100007004224c2100200c01002004d
:1010200023e8a2031000a227000042242000c2af40
:101030001400c0af1000c0a78e04400b00000000d9
:101040001800c0a71200c0a77104400b00000000e8
:101050005800c38f1400c28f21106200000042901c
:101060002400c2a31400c28f010042241400c2afa6
:101070005800c38f1400c28f2110620000004290fc
:101080002500c2a31400c28f010042241400c2af85
:101090002400c29300120200201e027c2500c2938d
:1010a0002016027c251062002016027c2600c2a7b2
:1010b0001800c4972600c297c2120200ffff4230f8
:1010c000211840002110600000120200231043008c
:1010d0002184033c430863341800430010180000c7
:1010e0002118620003190300c317020023106200d5
:1010f000ff0043302000c28f21104400000043a0b5
:101100001800c297010042241800c2a71800c49713
:101110002600c297e0074230431902002110600008
:1011200000120200231043000882033c8320633432
:101130001800430010180000211862004319030032
:10114000c317020023106200ff0043302000c28f4b
:1011500021104400000043a01800c297010042245f
:101160001800c2a71800c4972600c2971f0043307a
:101170002110600000120200231043002184033c70
:10118000430863341800430010180000211862005f
:1011900003190300c317020023106200ff0043304d
:1011a0002000c28f21104400000043a01800c29705
:1011b000010042241800c2a71200c2970100422475
:1011c0001200c2a71200c3976400c2972b106200de
:1011d0009fff4014000000001000c0a78304400bd4
:1011e000000000001000c2972000c38f2110620091
:1011f0000000429021204000c301400f0000000089
:101200001000c297010042241000c2a71000c4972a
:101210006400c397211060004010020021104300b9
:101220002a108200efff4014000000001000c29757
:10123000010042241000c2a71000c3976800c297a3
:101240002b1062007eff40140000000088bf033caa
:101250002061629001000424c439827c206162a074
:101260002800dd8f21e8c0035400bf8f5000be8fdf
:101270004c00b78f4800b68f4400b58f4000b48f44
:101280003c00b38f3800b28f3400b18f3000b08f84
:101290005800bd270800e00300000000e8ffbd275c
:1012a0001400bfaf1000beaf21f0a0032118a000b2
:1012b0002110c0001800c4a71c00c3a72000c2a7ab
:1012c000228082971800c3972b1043000600401419
:1012d00000000000208082971c00c3972b10430061
:1012e0000300401000000000d204400b000000008a
:1012f00088bf033c20616290c439027c206162a0f7
:101300001800c4971c00c5971800c3971c00c2970b
:101310002130600021384000d802400f000000005a
:101320002000c29721204000010005247303400fd4
:101330000000000088bf033c20616290010004248b
:10134000c439827c206162a021e8c0031400bf8ff1
:101350001000be8f1800bd270800e0030000000049
:10136000e8ffbd271400bfaf1000beaf21f0a003ff
:10137000214080002120a0002118c0002110e000a1
:101380001800c8a71c00c4a72000c3a72400c2a738
:101390001800c4871c00c5872000c3872800c29797
:1013a0002130600021384000960f400f00000000ff
:1013b0001800c4871c00c3972400c2972110620044
:1013c000ffff4230ffff4224ffff4230202e027c0d
:1013d0002000c3872800c2972130600021384000d8
:1013e000960f400f000000001800c4871c00c29731
:1013f00001004224ffff4230202e027c2400c297cd
:10140000feff4224ffff4230201e027c2800c297cc
:1014100021306000213840004a0f400f00000000da
:101420001800c3972000c29721106200ffff4230ce
:10143000ffff4224ffff42302026027c1c00c2979f
:1014400001004224ffff4230202e027c2400c2977c
:10145000feff4224ffff4230201e027c2800c2977c
:1014600021306000213840004a0f400f000000008a
:1014700021e8c0031400bf8f1000be8f1800bd27e5
:101480000800e00300000000d0ffbd272c00bfaf24
:101490002800beaf21f0a003214080002120a00041
:1014a0002118c0002110e0003000c8a73400c4a7f4
:1014b0003800c3a73c00c2a33800c2970300401401
:1014c000000000009906400b000000003800c297a1
:1014d00001000324231062001000c2af01000224a7
:1014e0001400c2af3800c39721100000231043003e
:1014f000401002001800c2af1c00c0af2000c0aff7
:101500002400c0af9106400b000000004f05400bc7
:10151000000000001c00c28f010042241c00c2af6a
:101520001400c28f020042241400c2af1000c38f07
:101530001400c28f211062001000c2af1000c28fd1
:10154000f4ff4004000000001800c28f0200422493
:101550001800c2af1000c38f1800c28f21106200a4
:101560001000c2af1c00c38f2000c28f231862007e
:10157000010002248b006214000000003c00c293b2
:10158000010042301d004010000000001c00c28f0e
:10159000ffff42303000c39723106200ffff44304a
:1015a0003400c3973800c29723106200ffff433016
:1015b0004000c2972128600021304000a704400f5e
:1015c000000000003000c3973800c297231062006b
:1015d000ffff44301c00c28fffff42303400c3972e
:1015e00023106200ffff43304000c29721286000b3
:1015f00021304000a704400f000000003c00c293cf
:10160000020042301f004010000000003000c3976d
:101610003800c29721106200ffff44301c00c28fc7
:10162000ffff42303400c39723106200ffff4330b6
:101630004000c2972128600021304000a704400fdd
:10164000000000002000c28fffff43303000c2972f
:1016500021106200ffff423001004224ffff4430ae
:101660003400c3973800c29723106200ffff433055
:101670004000c2972128600021304000a704400f9d
:10168000000000003c00c2930400423021004010e2
:10169000000000002000c28fffff43303000c297df
:1016a00021106200ffff423001004224ffff44305e
:1016b0003400c3973800c29721106200ffff433007
:1016c0004000c2972128600021304000a704400f4d
:1016d000000000003000c3973800c297211062005c
:1016e000ffff44302000c28fffff43303400c29719
:1016f00021106200ffff423001004224ffff43300f
:101700004000c2972128600021304000a704400f0c
:10171000000000003c00c29308004230c7004010a7
:10172000000000003000c3973800c2972310620009
:10173000ffff44302000c28fffff43303400c297c8
:1017400021106200ffff423001004224ffff4330be
:101750004000c2972128600021304000a704400fbc
:10176000000000001c00c28fffff42303000c39712
:1017700023106200ffff44303400c3973800c29743
:1017800021106200ffff43304000c2972128600013
:1017900021304000a704400f000000008f06400bde
:1017a000000000002000c28f010043242000c3afce
:1017b0001c00c38f231062002400c2af3c00c29300
:1017c0000100423025004010000000001c00c28fc4
:1017d000ffff42303000c39723106200ffff42300a
:1017e0002026027c3400c3973800c2972310620081
:1017f000ffff4230202e027c2400c28f201e027c7c
:101800004000c2972130600021384000960f400f01
:10181000000000003000c3973800c2972310620018
:10182000ffff42302026027c1c00c28fffff4230a7
:101830003400c39723106200ffff4230202e027c49
:101840002400c28f201e027c4000c297213060001d
:10185000213840004a0f400f000000003c00c293b6
:101860000200423025004010000000003000c39705
:101870003800c29721106200ffff42302026027c10
:101880001c00c28fffff42303400c3972310620058
:10189000ffff4230202e027c2400c28f201e027cdb
:1018a0004000c29721306000213840004a0f400fad
:1018b000000000002000c28fffff43303000c297bd
:1018c00021106200ffff42302026027c3400c397c3
:1018d0003800c29723106200ffff4230202e027ca6
:1018e0002400c28f201e027c4000c297213060007d
:1018f00021384000960f400f000000003c00c293ca
:101900000400423025004010000000002000c28f7b
:10191000ffff43303000c29721106200ffff4230ca
:101920002026027c3400c3973800c2972110620041
:10193000ffff4230202e027c2400c28f201e027c3a
:101940004000c2972130600021384000960f400fc0
:10195000000000003000c3973800c29721106200d9
:10196000ffff42302026027c2000c28fffff433061
:101970003400c29721106200ffff4230202e027c0b
:101980002400c28f201e027c4000c29721306000dc
:10199000213840004a0f400f000000003c00c29375
:1019a0000800423025004010000000003000c397be
:1019b0003800c29723106200ffff42302026027ccd
:1019c0002000c28fffff43303400c2972110620015
:1019d000ffff4230202e027c2400c28f201e027c9a
:1019e0004000c29721306000213840004a0f400f6c
:1019f000000000001c00c28fffff42303000c39780
:101a000023106200ffff42302026027c3400c3977f
:101a10003800c29721106200ffff4230202e027c66
:101a20002400c28f201e027c4000c297213060003b
:101a300021384000960f400f000000001c00c28fac
:101a40002000c2af3800c297ffff43243800c3a76d
:101a5000211840001c00c28f2a104300abfe401426
:101a60000000000021e8c0032c00bf8f2800be8fbb
:101a70003000bd270800e00300000000d8ffbd27ac
:101a80002400bfaf2000beaf21f0a00321408000a2
:101a90002120a0002118c0002110e0002800c8a7c4
:101aa0002c00c4a73000c3a73400c2a72800c397e6
:101ab0003000c2971c006214000000002c00c39785
:101ac0003400c2972b1043000700401000000000b4
:101ad0002c00c3273400c2272120600021284000a9
:101ae0008e01400f000000002800c2972026027cd3
:101af0002c00c297202e027c3400c3972c00c29782
:101b000023106200ffff4230201e027c3800c29783
:101b100021306000213840004a0f400f00000000d3
:101b20006407400b000000002c00c3973400c297ec
:101b30001b006214000000002800c3973000c29709
:101b40002b10430006004010000000003000c227a8
:101b50002800c427212840008e01400f000000000b
:101b60002800c2972026027c2c00c297202e027cdf
:101b70003000c3972800c29723106200ffff423055
:101b8000201e027c3800c2972130600021384000be
:101b9000960f400f000000006407400b000000009b
:101ba0003400c297211840002c00c297231862000d
:101bb000c317030026184300231862003000c297a1
:101bc000212040002800c29723108200c327020072
:101bd00026108200231044002a104300ff004230e8
:101be0001400c2a71400c2870c00401000000000bf
:101bf0002c00c2272800c427212840008e01400f56
:101c0000000000003000c3273400c22721206000fc
:101c1000212840008e01400f000000002800c397db
:101c20003000c2972b1043000c0040100000000051
:101c30003000c2272800c427212840008e01400f11
:101c4000000000002c00c3273400c22721206000c0
:101c5000212840008e01400f000000003000c39793
:101c60002800c29723106200ffff42301600c2a76f
:101c70003400c297211840002c00c2972310620044
:101c8000c31f020026106200231043001800c2a7e1
:101c90001600c287c21f020021106200431002001a
:101ca0001000c2a72c00c3973400c2972b1062000b
:101cb0000500401000000000010002241200c2a72d
:101cc0005f07400b00000000ffff02241200c2a7c4
:101cd0005f07400b000000001400c2870a0040109c
:101ce000000000002c00c4972800c3973800c2975a
:101cf0002128600021304000a704400f00000000b0
:101d00004907400b000000002800c4972c00c3972f
:101d10003800c2972128600021304000a704400ffe
:101d2000000000001000c3971800c2972310620043
:101d3000ffff42301000c2a71000c2870b00410411
:101d4000000000002c00c3971200c297211062000f
:101d5000ffff42302c00c2a71000c3971600c297a5
:101d600021106200ffff42301000c2a72800c29776
:101d700001004224ffff42302800c2a72800c39779
:101d80003000c2972b104300d3ff4010000000002a
:101d900021e8c0032400bf8f2000be8f2800bd278c
:101da0000800e00300000000e0ffbd271c00bfaffb
:101db0001800beaf21f0a003214080002120a00028
:101dc0002118c0002110e0002000c8a72400c4a7eb
:101dd0002800c3a72c00c2a72000c3973000c297d9
:101de00021106200ffff42302026027c2400c587bc
:101df0002800c3973000c29723106200ffff4330d2
:101e00003000c29723106200ffff4230201e027c88
:101e10003400c2972130600021384000960f400ff7
:101e2000000000002000c3973000c297211062001c
:101e3000ffff42302026027c2400c3972c00c2976b
:101e400021106200ffff4230ffff4224ffff4230bb
:101e5000202e027c2800c3973000c2972310620016
:101e6000ffff43303000c29723106200ffff423073
:101e7000201e027c3400c2972130600021384000cf
:101e8000960f400f000000002000c4872400c39775
:101e90003000c29721106200ffff4230202e027cea
:101ea0002c00c3973000c29723106200ffff43301d
:101eb0003000c29723106200ffff4230201e027cd8
:101ec0003400c29721306000213840004a0f400f93
:101ed000000000002000c3972800c2972110620074
:101ee000ffff4230ffff4224ffff42302026027cea
:101ef0002400c3973000c29721106200ffff4230d8
:101f0000202e027c2c00c3973000c2972310620061
:101f1000ffff43303000c29723106200ffff4230c2
:101f2000201e027c3400c29721306000213840001e
:101f30004a0f400f000000002000c3973000c297f6
:101f400021106200ffff44302400c3973000c29785
:101f500021106200ffff43303000c2973400c59764
:101f60001000a5af212860002130400001000724a7
:101f70002205400f000000002000c3972800c297f0
:101f800021106200ffff43303000c297231062002f
:101f9000ffff4230ffff4224ffff44302400c3977d
:101fa0003000c29721106200ffff43303000c2971b
:101fb0003400c5971000a5af2128600021304000f3
:101fc000020007242205400f000000002000c397f4
:101fd0002800c29721106200ffff43303000c297f3
:101fe00023106200ffff4230ffff4224ffff443016
:101ff0002400c3972c00c29721106200ffff4330da
:102000003000c29723106200ffff4230ffff4224de
:10201000ffff43303000c2973400c5971000a5afd2
:102020002128600021304000040007242205400fd1
:10203000000000002000c3973000c297211062000a
:10204000ffff44302400c3972c00c2972110620088
:10205000ffff43303000c29723106200ffff423081
:10206000ffff4224ffff43303000c2973400c59782
:102070001000a5af2128600021304000080007248f
:102080002205400f0000000021e8c0031c00bf8fa4
:102090001800be8f2000bd270800e00300000000ec
:1020a000c8ffbd273400bfaf3000beaf21f0a00392
:1020b000214080002120a0002118c0002110e00054
:1020c0003800c8a73c00c4a74000c3a74400c2a76b
:1020d0004000c2970300401400000000d109400beb
:1020e000000000004000c29701000324231062009a
:1020f0001000c2af4000c39721100000231043001e
:10210000401002001400c2af010002241800c2af48
:10211000ffff02241c00c2af2000c0af2800c0afe8
:10212000010002242400c2a35808400b0000000054
:102130005808400b000000002000c28f010042241c
:102140002000c2af1800c28f020042241800c2afa4
:102150001000c38f1800c28f211062001000c2afa0
:102160001000c28ff4ff4004000000001400c28f72
:10217000020042241400c2af1000c38f1400c28fab
:10218000211062001000c2af2000c38f1c00c28f5c
:102190002310620002004228ed00401400000000fd
:1021a0002400c29352004010000000002000c38fa2
:1021b0001c00c28f2310620040100200ffff422467
:1021c0002800c2af2000c28fffff42303800c39703
:1021d00023106200ffff42302026027c3c00c397a0
:1021e0004000c29721106200ffff4230202e027c87
:1021f0002800c28f201e027c4400c297213060005c
:1022000021384000960f400f000000002000c28fd0
:10221000ffff42303800c39723106200ffff4230b7
:102220002026027c3c00c3974000c2972310620026
:10223000ffff4230202e027c2800c28f201e027c2d
:102240004400c2972130600021384000960f400fb3
:10225000000000003800c3974000c29721106200c0
:10226000ffff42302026027c2000c28fffff423059
:102270003c00c39723106200ffff4230202e027cf7
:102280002800c28f201e027c4400c29721306000cb
:10229000213840004a0f400f000000003800c3976b
:1022a0004000c29723106200ffff42302026027ccc
:1022b0002000c28fffff42303c00c3972310620012
:1022c000ffff4230202e027c2800c28f201e027c9d
:1022d0004400c29721306000213840004a0f400f6f
:1022e000000000002400c0a3c709400b000000004c
:1022f0001c00c28f010043241c00c3af2000c38f09
:10230000231062002800c2af2000c28fffff4230be
:102310003800c39723106200ffff42302026027c62
:102320003c00c3974000c29721106200ffff42307b
:10233000202e027c2800c28f201e027c4400c297ff
:102340002130600021384000960f400f000000004f
:102350002000c28fffff42303800c3972310620075
:10236000ffff42302026027c3c00c3974000c2970a
:1023700023106200ffff4230202e027c2800c28f13
:10238000201e027c4400c2972130600021384000aa
:10239000960f400f000000001c00c28fffff43306b
:1023a0003800c29721106200ffff42302026027cd5
:1023b0003c00c3974000c29723106200ffff4230e9
:1023c000202e027c2800c28f201e027c4400c2976f
:1023d0002130600021384000960f400f00000000bf
:1023e0001c00c28fffff43303800c29721106200eb
:1023f000ffff42302026027c3c00c3974000c2977a
:1024000021106200ffff4230202e027c2800c28f84
:10241000201e027c4400c297213060002138400019
:10242000960f400f000000003800c3974000c2978d
:1024300021106200ffff42302026027c1c00c28f68
:10244000ffff43303c00c29721106200ffff423083
:10245000202e027c2800c28f201e027c4400c297de
:1024600021306000213840004a0f400f000000007a
:102470003800c3974000c29721106200ffff42302e
:102480002026027c2000c28fffff42303c00c39711
:1024900023106200ffff4230202e027c2800c28ff2
:1024a000201e027c4400c297213060002138400089
:1024b0004a0f400f000000003800c3974000c29749
:1024c00023106200ffff42302026027c2000c28fd2
:1024d000ffff42303c00c39723106200ffff4230f1
:1024e000202e027c2800c28f201e027c4400c2974e
:1024f00021306000213840004a0f400f00000000ea
:102500003800c3974000c29723106200ffff42309b
:102510002026027c1c00c28fffff43303c00c29784
:1025200021106200ffff4230202e027c2800c28f63
:10253000201e027c4400c2972130600021384000f8
:102540004a0f400f00000000c709400b00000000c8
:102550001c00c28f010042241c00c2af2000c28fa9
:10256000ffff42303800c39723106200ffff443062
:102570003c00c3974000c29721106200ffff433028
:102580004400c2972128600021304000a704400f7a
:10259000000000002000c28fffff42303800c397c8
:1025a00023106200ffff44303c00c3974000c297f5
:1025b00023106200ffff43304400c29721286000cf
:1025c00021304000a704400f000000001c00c28f13
:1025d000ffff43303800c29721106200ffff4430f4
:1025e0003c00c3974000c29723106200ffff4330b6
:1025f0004400c2972128600021304000a704400f0a
:10260000000000001c00c28fffff43303800c2975b
:1026100021106200ffff44303c00c3974000c29786
:1026200021106200ffff43304400c2972128600060
:1026300021304000a704400f000000003800c3977d
:102640004000c29721106200ffff44301c00c28f7f
:10265000ffff43303c00c29721106200ffff433070
:102660004400c2972128600021304000a704400f99
:10267000000000003800c3974000c297211062009c
:10268000ffff44302000c28fffff42303c00c39761
:1026900023106200ffff43304400c29721286000ee
:1026a00021304000a704400f000000003800c3970d
:1026b0004000c29723106200ffff44302000c28f09
:1026c000ffff42303c00c39723106200ffff4330fe
:1026d0004400c2972128600021304000a704400f29
:1026e000000000003800c3974000c297231062002a
:1026f000ffff44301c00c28fffff43303c00c297f5
:1027000021106200ffff43304400c297212860007f
:1027100021304000a704400f000000002000c28fbd
:102720001c00c2af4000c297ffff42244000c2a776
:102730004000c3972000c28f2a1043007cfe401443
:102740000000000021e8c0033400bf8f3000be8fbe
:102750003800bd270800e00300000000c8ffbd27c7
:102760003400bfaf3000beaf21f0a0032140800095
:102770002120a0002118c0002110e0003800c8a7c7
:102780003c00c4a74000c3a74400c2a74000c297b2
:102790000200422c0300401000000000e30a400b3e
:1027a000000000004400c2970200422c03004010c9
:1027b00000000000e30a400b000000004000c39747
:1027c0004000c29718006200121000001c00c2af47
:1027d0004400c3974400c29718006200121800001a
:1027e0002000c3af1c00c28f801002002400c2afc3
:1027f0002000c28f801002002800c2af1000c0afbe
:102800004400c2971400c2af2000c28f40180200db
:102810004400c4972110000023104400401002001f
:10282000010044241c00c28f180082001220000006
:10283000211064001800c2af670a400b00000000be
:102840001000c28fffff43303800c2972110620092
:10285000ffff44301400c28fffff43303c00c2979b
:1028600021106200ffff43304800c297212860001a
:1028700021304000a704400f000000001000c28f6c
:10288000ffff42303800c39723106200ffff44303f
:102890001400c28fffff43303c00c297211062003a
:1028a000ffff43304800c2972128600021304000dc
:1028b000a704400f000000001000c28fffff42304d
:1028c0003800c39723106200ffff44301400c28f0a
:1028d000ffff42303c00c39723106200ffff4330ec
:1028e0004800c2972128600021304000a704400f13
:1028f000000000001000c28fffff43303800c29775
:1029000021106200ffff44301400c28fffff4230ed
:102910003c00c39723106200ffff43304800c2977a
:102920002128600021304000a704400f0000000073
:102930001800c28f0d0040040000000001000324b5
:102940001400c28f231862002400c28f1800620096
:102950001800c28f12180000211043001800c2afe7
:102960001400c28fffff42241400c2af1000c28fb8
:1029700080100200060043242000c28f180062006d
:102980001800c28f12200000211044001800c2afae
:102990001000c28f010042241000c2af2000c38f7c
:1029a0001000c28f021062701c00c48f1400c38f0d
:1029b00018008300121800002a106200a0ff4010c7
:1029c000000000004000c2971000c2af1400c0af6a
:1029d0001c00c28f401802004000c4972110000064
:1029e0002310440040100200010044242000c28f44
:1029f0001800820012200000211064001800c2afed
:102a0000d90a400b000000001000c28fffff4330c6
:102a10003800c29721106200ffff44301400c28fbb
:102a2000ffff43303c00c29721106200ffff43309c
:102a30004800c2972128600021304000a704400fc1
:102a4000000000001000c28fffff42303800c39723
:102a500023106200ffff44301400c28fffff433099
:102a60003c00c29721106200ffff43304800c2972c
:102a70002128600021304000a704400f0000000022
:102a80001000c28fffff42303800c397231062004e
:102a9000ffff44301400c28fffff42303c00c39759
:102aa00023106200ffff43304800c29721286000d6
:102ab00021304000a704400f000000001000c28f2a
:102ac000ffff43303800c29721106200ffff4430ff
:102ad0001400c28fffff42303c00c39723106200f6
:102ae000ffff43304800c29721286000213040009a
:102af000a704400f000000001800c28f0d00400422
:102b000000000000010003241000c28f231862009f
:102b10002800c28f180062001800c28f121800002f
:102b2000211043001800c2af1000c28fffff4224e3
:102b30001000c2af1400c28f8010020006004324b0
:102b40001c00c28f180062001800c28f1220000003
:102b5000211044001800c2af1400c28f01004224ab
:102b60001400c2af1c00c38f1400c28f0210627029
:102b70002000c48f1000c38f1800830012180000bb
:102b80002a106200a0ff40100000000021e8c003ee
:102b90003400bf8f3000be8f3800bd270800e0032f
:102ba00000000000e8ffbd271400bfaf1000beaf5b
:102bb00021f0a003214080002120a0002118c000a6
:102bc0002110e0001800c8a71c00c4a72000c3a75c
:102bd0002400c2a71800c3972000c29721106200ea
:102be000ffff4230ffff4224ffff43301c00c49729
:102bf0002400c29721108200ffff4230ffff4224d1
:102c0000ffff42301800c4971c00c59721306000b8
:102c100021384000d802400f0000000088bf033c6c
:102c200020616290010004248431827c206162a0d2
:102c300088bf033c20616290c439027c206162a09d
:102c40002000c3972400c2971800620012100000f1
:102c50002800c39721206000212840007303400f03
:102c60000000000088bf033c206162900100042442
:102c7000c439827c206162a021e8c0031400bf8fa8
:102c80001000be8f1800bd270800e0030000000000
:102c9000d8ffbd272400bfaf2000beaf21f0a003a6
:102ca000214080002120a0002118c0002110e00058
:102cb0002800c8a72c00c4a73000c3a73400c2a7af
:102cc0001000c0af010002241400c2af3000c3974f
:102cd0003000c297211062001800c2af3000c297c6
:102ce00042100200ffff4230231002001c00c2af5e
:102cf0002800c3973000c29723106200ffff4230c4
:102d00002026027c2c00c5871800c28fffff4230ae
:102d100001004224ffff4230201e027c3400c29793
:102d20002130600021384000960f400f0000000065
:102d3000b30b400b000000001c00c28f2f004004aa
:102d4000000000001000c28fffff42302800c39730
:102d500023106200ffff42302026027c2c00c39724
:102d60003000c29721106200ffff4230202e027c0b
:102d70001400c28f201e027c3400c29721306000f4
:102d800021384000960f400f000000001000c28f55
:102d9000ffff42302800c39723106200ffff42303c
:102da0002026027c2c00c3973000c29723106200bb
:102db000ffff4230202e027c1400c28f201e027cb6
:102dc0003400c2972130600021384000960f400f38
:102dd000000000001800c28ffeff42241800c2af9e
:102de0001c00c38f1800c28f231062001c00c2afea
:102df0003000c297ffff42243000c2a71400c28fe8
:102e0000020042241400c2af1c00c38f1400c28f02
:102e1000211062001c00c2af1000c28f01004224ca
:102e20001000c2af2800c3973000c2972310620081
:102e3000ffff42302026027c1000c28fffff43308c
:102e40002c00c29721106200ffff4230202e027c2e
:102e50001800c28fffff423001004224ffff4230c2
:102e6000201e027c3400c2972130600021384000cf
:102e7000960f400f000000002800c3973000c29753
:102e800023106200ffff42302026027c1000c28f18
:102e9000ffff42302c00c39723106200ffff423037
:102ea000202e027c1800c28fffff42300100422416
:102eb000ffff4230201e027c3400c29721306000a8
:102ec00021384000960f400f000000003000c397eb
:102ed0001000c28f2a10430097ff4014000000002a
:102ee00021e8c0032400bf8f2000be8f2800bd272b
:102ef0000800e00300000000d8ffbd272400bfaf9a
:102f00002000beaf21f0a003214080002120a000be
:102f10002118c0002110e0002800c8a72c00c4a779
:102f20003000c3a73400c2a33000c29701000324bd
:102f3000231062001000c2af010002241400c2afcf
:102f40003000c297231802003000c297231062009d
:102f50001800c2af1c00c0af3800c28f010042246d
:102f60003800c2af6a0c400b000000001000c28f96
:102f700049004004000000003400c29301004230c8
:102f80001c004010000000001c00c28fffff4230f8
:102f90002800c39723106200ffff42302026027ce6
:102fa0002c00c3973000c29721106200ffff42300f
:102fb000202e027c1c00c28fffff43301c00c28ffa
:102fc000ffff423021106200ffff43303800c28f04
:102fd000ffff423021106200ffff4230201e027cc2
:102fe0003c00c2972130600021384000960f400f0e
:102ff000000000003400c293020042301c00401068
:10300000000000001c00c28fffff42302800c39761
:1030100023106200ffff42302026027c2c00c39761
:103020003000c29723106200ffff4230202e027c46
:103030001c00c28fffff43301c00c28fffff4230d5
:1030400021106200ffff43303800c28fffff423083
:1030500021106200ffff4230201e027c3c00c2971c
:103060002130600021384000960f400f0000000022
:103070003000c297ffff42243000c2a71800c28f61
:10308000020042241800c2af1000c38f1800c28f84
:10309000211062001000c2af1c00c28f0100422448
:1030a0001c00c2af1400c28f020042241400c2af41
:1030b0001000c38f1400c28f211062001000c2af35
:1030c0003400c293010042301a004010000000009a
:1030d0002800c3973000c29723106200ffff4230e0
:1030e0002026027c1c00c28fffff43302c00c297b9
:1030f00021106200ffff4230202e027c3000c39777
:103100003000c29721106200ffff43303800c28fa9
:10311000ffff423021106200ffff4230201e027c80
:103120003c00c2972130600021384000960f400fcc
:10313000000000003400c293020042301a00401028
:10314000000000002800c3973000c29723106200df
:10315000ffff42302026027c1c00c28fffff42305e
:103160002c00c39723106200ffff4230202e027c08
:103170003000c3973000c29721106200ffff433038
:103180003800c28fffff423021106200ffff423043
:10319000201e027c3c00c297213060002138400094
:1031a000960f400f000000003000c3971c00c28f34
:1031b0002a1043006dff40140000000021e8c00306
:1031c0002400bf8f2000be8f2800bd270800e00329
:1031d00000000000c8ffbd273400bfaf3000beaf05
:1031e00021f0a003211880002110a0004000c6afec
:1031f0004400c7af3800c3a73c00c2a74000c28f3d
:103200000200422803004010000000006f0d400b38
:10321000000000004400c28f02004228030040105a
:10322000000000006f0d400b000000004000c38f45
:103230004000c28f18006200121000001c00c2afd4
:103240004400c38f4400c28f1800620012180000af
:103250002000c3af1c00c28f801002002400c2af48
:103260002000c28f801002002800c2af1000c0af43
:103270004400c28f1400c2af2000c28f4018020069
:103280004400c48f211000002310440040100200ad
:10329000010044241c00c28f18008200122000008c
:1032a000211064001800c2affb0c400b00000000ae
:1032b0003800c3971000c28fffff42302310620016
:1032c000ffff42302026027c3c00c3971400c28fcf
:1032d000ffff423023106200ffff4230202e027cad
:1032e0001000c28fffff43301000c28fffff42303b
:1032f00021106200ffff423001004224ffff4230f4
:10330000201e027c4800c297213060002138400016
:10331000960f400f000000003800c3971000c28fc6
:10332000ffff423023106200ffff42302026027c64
:103330001400c28fffff43303c00c297211062008f
:10334000ffff4230202e027c1000c28fffff43306f
:103350001000c28fffff423021106200ffff423099
:1033600001004224ffff4230201e027c4800c29729
:103370002130600021384000960f400f000000000f
:103380001800c28f0d00400400000000010003245b
:103390001400c28f231862002400c28f180062003c
:1033a0001800c28f12180000211043001800c2af8d
:1033b0001400c28fffff42241400c2af1000c28f5e
:1033c00080100200060043242000c28f1800620013
:1033d0001800c28f12200000211044001800c2af54
:1033e0001000c28f010042241000c2af2000c38f22
:1033f0001000c28f021062701c00c48f1400c38fb3
:1034000018008300121800002a106200a8ff401064
:10341000000000004000c28f1000c2af1400c0af17
:103420001c00c28f401802004000c48f2110000011
:103430002310440040100200010044242000c28fe9
:103440001800820012200000211064001800c2af92
:10345000650d400b000000003800c3971000c28fbc
:10346000ffff423023106200ffff42302026027c23
:103470003c00c3971400c28fffff4230231062004c
:10348000ffff4230202e027c1000c28fffff43302e
:103490001000c28fffff423021106200ffff423058
:1034a00001004224ffff4230201e027c4800c297e8
:1034b0002130600021384000960f400f00000000ce
:1034c0003800c3971000c28fffff42302310620004
:1034d000ffff42302026027c1400c28fffff4330e2
:1034e0003c00c29721106200ffff4230202e027c78
:1034f0001000c28fffff43301000c28fffff423029
:1035000021106200ffff423001004224ffff4230e1
:10351000201e027c4800c297213060002138400004
:10352000960f400f000000001800c28f0d004004ed
:1035300000000000010003241000c28f2318620065
:103540002800c28f180062001800c28f12180000f5
:10355000211043001800c2af1000c28fffff4224a9
:103560001000c2af1400c28f801002000600432476
:103570001c00c28f180062001800c28f12200000c9
:10358000211044001800c2af1400c28f0100422471
:103590001400c2af1c00c38f1400c28f02106270ef
:1035a0002000c48f1000c38f180083001218000081
:1035b0002a106200a8ff40100000000021e8c003ac
:1035c0003400bf8f3000be8f3800bd270800e003f5
:1035d00000000000e0ffbd271c00bfaf1800beaf19
:1035e00021f0a003214080002120a0002118c0006c
:1035f0002110e0002000c8a72400c4a72800c3a70a
:103600002c00c2a72400c3973000c297211062008b
:10361000ffff45302c00c3973000c2972310620093
:10362000ffff43303000c29723106200ffff42309b
:103630002000c4972800c3973400c6971000a6af97
:103640002130600021384000e90a400f00000000ee
:103650002000c3973000c29721106200ffff443062
:103660002400c3972c00c29721106200ffff433053
:103670003000c29723106200ffff4230ffff422458
:10368000ffff43302800c5973000c2972328a200cf
:103690003000c2972310a200ffff45243000c297dc
:1036a0001000a5af3400c5971400a5af2128600015
:1036b0002130400001000724be0b400f0000000035
:1036c0002000c3973000c29721106200ffff4430f2
:1036d0002400c3973000c29721106200ffff4330df
:1036e0002800c5973000c2972328a2003000c29757
:1036f0002310a200ffff45243000c2971000a5afa1
:103700003400c5971400a5af212860002130400087
:1037100002000724be0b400f0000000021e8c00398
:103720001c00bf8f1800be8f2000bd270800e003db
:1037300000000000e0ffbd271c00bfaf1800beafb7
:1037400021f0a003214080002120a0002118c0000a
:103750002110e0002000c8a72400c4a72800c3a7a8
:103760002c00c2a72000c4972400c5972800c39747
:103770002c00c2973800c6971000a6af2130600019
:10378000213840009f06400f000000002800c49729
:103790002c00c5973000c3973400c2973800c697f5
:1037a0001000a6af21306000213840009f06400f76
:1037b000000000003000c4973400c5972000c39774
:1037c0002400c2973800c6971000a6af21306000d1
:1037d000213840009f06400f0000000021e8c00390
:1037e0001c00bf8f1800be8f2000bd270800e0031b
:1037f00000000000c8ffbd273400bfaf3000beafdf
:1038000021f0a003214080002120a0002118c00049
:103810002110e0003800c8a73c00c4a74000c3a79f
:103820004400c2a73c00c3974400c2972b1043003a
:103830000c004010000000003c00c3274400c227d9
:1038400021206000212840008e01400f0000000070
:103850004000c2273800c427212840008e01400fb5
:10386000000000004400c3974c00c2972b10430097
:103870000d004010000000004c00c3274400c22788
:1038800021206000212840008e01400f0000000030
:103890004800c3274000c2272120600021284000a3
:1038a0008e01400f000000003c00c3974400c29707
:1038b0002b1043000c004010000000003c00c32708
:1038c0004400c22721206000212840008e01400fc3
:1038d000000000004000c2273800c4272128400013
:1038e0008e01400f000000003c00c3974c00c297bf
:1038f00041006214000000003800c2972016027ccc
:103900002a00c2a72a00c2872800c2a74000c29787
:10391000211840002800c2872a10620006004010cb
:10392000000000004000c2972016027c2800c2a7b9
:10393000570e400b000000004000c29721184000c5
:103940002a00c2872a104300040040100000000033
:103950004000c2972016027c2a00c2a74800c297e6
:10396000211840002800c2872a106200060040107b
:10397000000000004800c2972016027c2800c2a761
:103980006b0e400b000000004800c2972118400059
:103990002a00c2872a1043000400401000000000e3
:1039a0004800c2972016027c2a00c2a72800c487bc
:1039b0003c00c297202e027c2a00c287ffff4330c2
:1039c0002800c287ffff423023106200ffff423011
:1039d00001004224ffff4230201e027c5000c297ab
:1039e0002130600021384000960f400f0000000099
:1039f000440f400b000000004000c3973800c297fe
:103a000023106200ffff42301c00c2a74400c3978e
:103a10003c00c29723106200ffff42301e00c2a785
:103a20004800c3973800c29723106200ffff42305e
:103a30002000c2a74c00c3973c00c297231062002d
:103a4000ffff42302200c2a74800c3974000c29740
:103a500023106200ffff42302400c2a74c00c3972e
:103a60004400c29723106200ffff42302600c2a725
:103a70001400c0af1800c0af4400c3974c00c297f9
:103a800005006214000000004400c2971200c2a7a3
:103a9000aa0e400b000000004400c297ffff422422
:103aa000ffff42301200c2a73c00c2971000c2a71d
:103ab000ec0e400b000000001e00c2871400c38ff4
:103ac0001a006200f4014000101000001210000003
:103ad000ffff43303800c29721106200ffff4230e1
:103ae0002016027c2800c2a72200c2871800c38fbc
:103af0001a006200f40140001010000012100000d3
:103b0000ffff43303800c29721106200ffff4230b0
:103b10002016027c2a00c2a71c00c2871400c38f93
:103b2000211062001400c2af2000c2871800c38faa
:103b3000211062001800c2af2800c3872a00c28784
:103b40002a10430007004010000000002800c3278f
:103b50002a00c22721206000212840008e01400f4a
:103b6000000000002800c4872a00c287ffff4330fe
:103b70002800c287ffff423023106200ffff42305f
:103b800001004224ffff4230201e027c1000c58746
:103b90005000c2972130600021384000960f400f3e
:103ba000000000001000c287010042241000c2a7dc
:103bb0001000c3871200c2872a104300beff4010c6
:103bc000000000002400c3871000c4874400c2978f
:103bd0002310820018006200121000001400c2af0f
:103be0002000c3871000c4873c00c29723108200c6
:103bf00018006200121000001800c2af3f0f400b07
:103c0000000000002600c2871400c38f1a00620063
:103c1000f40140001010000012100000ffff4330bc
:103c20004000c29721106200ffff42302016027c44
:103c30002800c2a72200c2871800c38f1a006200a2
:103c4000f40140001010000012100000ffff43308c
:103c50003800c29721106200ffff42302016027c1c
:103c60002a00c2a72400c2871400c38f211062005b
:103c70001400c2af2000c2871800c38f2110620059
:103c80001800c2af2800c3872a00c2872a10430049
:103c900007004010000000002800c3272a00c227a8
:103ca00021206000212840008e01400f000000000c
:103cb0002800c4872a00c287ffff43302800c2873c
:103cc000ffff423023106200ffff42300100422418
:103cd000ffff4230201e027c1000c5875000c297b3
:103ce0002130600021384000960f400f0000000096
:103cf0001000c287010042241000c2a71000c38731
:103d00004c00c2972a104300beff40100000000084
:103d100021e8c0033400bf8f3000be8f3800bd27bc
:103d20000800e00300000000e8ffbd271400bfaf5b
:103d30001000beaf21f0a003214080002120a00090
:103d40002118c0002110e0001800c8a71c00c4a75b
:103d50002000c3a72400c2a71800c387228082972f
:103d60002a10430006004014000000001c00c38716
:103d7000208082972a1043000300401000000000ba
:103d8000900f400b000000001c00c3872000c2877a
:103d900021106200ffff4324208082972a104300f5
:103da0000600401000000000208083971c00c2978e
:103db00023106200ffff42302000c2a71800c49702
:103dc0001c00c5971800c3971c00c6972000c29717
:103dd0002110c200ffff4230ffff4224ffff4230ac
:103de0002130600021384000d802400f0000000060
:103df00088bf033c20616290010004248431827cee
:103e0000206162a088bf033c20616290c439027cbb
:103e1000206162a02000c2872400c3972120600097
:103e2000212840007303400f0000000088bf033cbe
:103e30002061629001000424c439827c206162a068
:103e400021e8c0031400bf8f1000be8f1800bd27eb
:103e50000800e00300000000e8ffbd271400bfaf2a
:103e60001000beaf21f0a003214080002120a0005f
:103e70002118c0002110e0001800c8a71c00c4a72a
:103e80002000c3a72400c2a71800c38722808297fe
:103e90002a10430006004014000000001c00c387e5
:103ea000208082972a104300030040100000000089
:103eb000dc0f400b000000001800c3872000c28701
:103ec00021106200ffff4324228082972a104300c2
:103ed0000600401000000000228083971800c2975f
:103ee00023106200ffff42302000c2a71800c497d1
:103ef0001c00c5971800c3972000c29721106200cc
:103f0000ffff4230ffff4224ffff43301c00c297f7
:103f10002130600021384000d802400f000000002e
:103f200088bf033c20616290010004248431827cbc
:103f3000206162a088bf033c20616290c439027c8a
:103f4000206162a02000c2872400c3972120600066
:103f5000212840007303400f0000000088bf033c8d
:103f60002061629001000424c439827c206162a037
:103f700021e8c0031400bf8f1000be8f1800bd27ba
:103f80000800e00300000000e0ffbd271c00bfaff9
:103f90001800beaf21f0a003211080002000c2a7ae
:103fa00022808397208082972000c4971000a4afbe
:103fb000212000002128000021306000213840002d
:103fc000e90a400f0000000021e8c0031c00bf8f79
:103fd0001800be8f2000bd270800e003000000008d
:103fe000e8ffbd271400bfaf1000beaf21f0a00353
:103ff000211080001800c2a336000424d801400f0d
:10400000000000001800c29307004230ff00423059
:10401000488082a3488082930800432c5700601098
:104020000000000080180200009d023c4040422435
:10403000211062000000428c0800400000000000d7
:104040006040009d8440009da840009dcc40009da4
:10405000f040009d1441009d3841009d5c41009d51
:1040600048000424ef01400f00000000400102243a
:10407000228082a7e0010224208082a75f10400beb
:104080000000000028000424ef01400f00000000a1
:10409000e0010224228082a740010224208082a71e
:1040a0005f10400b0000000088000424ef01400f67
:1040b0000000000040010224228082a7e0010224c7
:1040c000208082a75f10400b00000000e80004245d
:1040d000ef01400f00000000e0010224228082a7cf
:1040e00040010224208082a75f10400b00000000e6
:1040f000c8000424ef01400f00000000400102242a
:10410000228082a7e0010224208082a75f10400b5a
:104110000000000068000424ef01400f00000000d0
:10412000e0010224228082a740010224208082a78d
:104130005f10400b0000000008000424ef01400f56
:104140000000000040010224228082a7e001022436
:10415000208082a75f10400b00000000a80004240c
:10416000ef01400f00000000e0010224228082a73e
:1041700040010224208082a70000000021e8c00343
:104180001400bf8f1000be8f1800bd270800e00389
:1041900000000000e8ffbd271400bfaf1000beaf55
:1041a00021f0a0031800c4af1800c28f0600401011
:1041b0000000000021000424d801400f000000008e
:1041c0007510400b0000000020000424d801400faf
:1041d0000000000088bf033c2061629001000424bd
:1041e000c439827c206162a021e8c0031400bf8f23
:1041f0001000be8f1800bd270800e003000000007b
:10420000f8ffbd270400beaf21f0a00321108000fd
:104210000800c2a30800c29305004010000000007f
:104220000800c293268082a38e10400b000000007d
:1042300001000224268082a321e8c0030400be8f6f
:104240000800bd270800e00300000000c0ffbd27f4
:104250003c00bfaf3800beaf21f0a003214080007a
:104260002120a0002118c0002110e0004000c8a7b4
:104270004400c4a74800c3a34c00c2a75280829345
:104280000300401000000000e611400b0000000099
:104290004000c3977880828f211062002000c2af57
:1042a0004400c3977c80828f211062002400c2af3b
:1042b0004800c2932000422c030040100000000080
:1042c000e611400b000000005000c3974c00c2975d
:1042d000261062002b1002002800c2a38880828f63
:1042e0002000c38f2a106200180040140000000054
:1042f000268082934010020080180200231862007a
:104300002000c28f211862008480828f2a106200f0
:104310000e004010000000008080828f2400c38fb8
:104320002a106200090040140000000026808293d9
:10433000c01802002400c28f211862009080828f72
:104340002a10620004004014000000000100022452
:10435000d710400b00000000211000002900c2a36c
:104360002900c293010042302900c2a35400c39324
:104370000100022467006214000000002800c293bc
:1043800064004010000000002900c2930100423880
:10439000ff0042305f0040100000000001000224d6
:1043a0001b00c2a32000c28fffff44302400c28f35
:1043b000ffff45302000c28fffff4230050042243e
:1043c000ffff43302400c28fffff42300800422429
:1043d000ffff42302130600021384000d802400ffa
:1043e000000000001800c0a30d11400b00000000e9
:1043f0001800c4934800c39321106000801002008d
:10440000211843001800c29321186200019d023c4c
:1044100008ed422421106200000043901800c227da
:1044200021104400140043a01800c293010042244c
:104430001800c2a31800c2930500422cecff4014e0
:10444000000000003100c0a31900c0a33f11400bc1
:10445000000000001a00c0a33011400b0000000053
:104460001a00c2931800c327211062001400439061
:104470001b00c29324106200ff004230080040106d
:10448000000000004c00c2972120400001000524dc
:104490007303400f000000002d11400b00000000ce
:1044a0005000c29721204000010005247303400ff3
:1044b000000000001a00c293010042241a00c2a3a7
:1044c0001a00c2930500422ce5ff401400000000d2
:1044d0001b00c293401002001b00c2a35000c297f1
:1044e00021204000010005247303400f000000005c
:1044f0001900c293010042241900c2a31900c293fb
:104500000800422cd3ff401400000000de11400bd5
:10451000000000001800c0a3da11400b00000000ea
:104520001800c39305000224040062140000000078
:104530001c00c0a35a11400b000000004800c393a8
:104540002110600080100200211843001800c2935f
:1045500021186200019d023c08ed422421106200f6
:10456000000042901c00c2a35400c3930100022427
:1045700028006214000000002800c29301004238a5
:10458000ff00423023004010000000001900c0a3cb
:104590007f11400b000000001c00c293010042305c
:1045a00010004010000000001800c293ffff4330cd
:1045b0004000c29721106200ffff44301900c293ef
:1045c000ffff43304400c29721106200ffff4330d9
:1045d0004c00c2972128600021304000a704400f02
:1045e000000000001c00c293421002001c00c2a385
:1045f0001900c293010042241900c2a31900c293fa
:104600000800422ce4ff401400000000d711400bca
:10461000000000001900c0a3d311400b00000000ef
:104620001c00c29301004230210040100000000035
:104630001800c293ffff43305400c293ffff423083
:104640001800620012100000ffff43304000c297c4
:1046500021106200ffff44301900c293ffff433076
:104660005400c293ffff4230180062001210000095
:10467000ffff43304400c29721106200ffff453026
:104680005400c293ffff43305400c293ffff4230f7
:104690004c00c6971000a6af2130600021384000c2
:1046a000e90a400f00000000cd11400b000000009f
:1046b0002800c2931f004010000000001800c293a1
:1046c000ffff43305400c293ffff423018006200e6
:1046d00012100000ffff43304000c297211062001b
:1046e000ffff44301900c293ffff43305400c293d0
:1046f000ffff42301800620012100000ffff43303d
:104700004400c29721106200ffff45305400c2935d
:10471000ffff43305400c293ffff42305000c69762
:104720001000a6af2130600021384000e90a400f98
:10473000000000001c00c293421002001c00c2a333
:104740001900c293010042241900c2a31900c293a8
:104750000800422cb2ff4014000000001800c29371
:10476000010042241800c2a31800c2930600422c84
:104770006bff40140000000026808293401002006e
:104780008018020023106200ffff42302016027cd6
:10479000e611400b0000000021e8c0033c00bf8f81
:1047a0003800be8f4000bd270800e0030000000075
:1047b000f0ffbd270c00beaf21f0a0031000c4af76
:1047c0000000c0aff611400b000000000000c28fd7
:1047d000060042240000c2af1000c28f0100432433
:1047e0001000c3af00004280f8ff4014000000003a
:1047f00026808293211840000000c28fffff4230c4
:104800001800620012180000ffff62302016027cc0
:1048100021e8c0030c00be8f1000bd270800e00394
:1048200000000000c8ffbd273400bfaf3000beaf9e
:1048300021f0a0033800c4af2118a0002110c0004f
:104840003c00c3a74000c2a71800c0a70100022473
:104850001a00c2a32000c0a33800c48fec11400f7f
:10486000000000002200c2a726808293c010020030
:104870002400c2a798808293040040140000000026
:104880008c8082979a0040100000000098808293ec
:104890000c00432c960060100000000080180200fd
:1048a000009d023cb8484224211062000000428c66
:1048b0000800400000000000f04a009de848009d0c
:1048c0001449009d3849009d5849009d9c49009d10
:1048d000d849009df049009d2c4a009d604a009dea
:1048e0007c4a009dbc4a009d2200c29742100200f3
:1048f000ffff42303c00c397231062003c00c2a778
:104900001a00c293010042241a00c2a3bc12400b39
:10491000000000003c00c3972200c29723106200f1
:104920003c00c2a71a00c293020042241a00c2a38c
:10493000bc12400b000000002400c297421002008d
:10494000ffff42304000c397231062004000c2a71f
:10495000bc12400b000000002200c297421002006f
:10496000ffff42303c00c397231062003c00c2a707
:104970002400c29742100200ffff42304000c3975c
:10498000231062004000c2a71a00c2930100422413
:104990001a00c2a3bc12400b000000003c00c397e9
:1049a0002200c297231062003c00c2a72400c297d5
:1049b00042100200ffff42304000c3972310620004
:1049c0004000c2a71a00c293020042241a00c2a3e8
:1049d000bc12400b000000004000c3972400c297a7
:1049e000231062004000c2a7bc12400b0000000070
:1049f0002200c29742100200ffff42303c00c397e2
:104a0000231062003c00c2a74000c3972400c29755
:104a1000231062004000c2a71a00c2930100422482
:104a20001a00c2a3bc12400b000000003c00c39758
:104a30002200c297231062003c00c2a74000c39727
:104a40002400c297231062004000c2a71a00c2933c
:104a5000020042241a00c2a3bc12400b0000000056
:104a60002000c293ffff42304000c3972310620032
:104a70004000c2a7bc12400b000000002200c297f9
:104a800042100200ffff42303c00c3972310620037
:104a90003c00c2a72000c293ffff42304000c397f2
:104aa000231062004000c2a71a00c29301004224f2
:104ab0001a00c2a3bc12400b000000003c00c397c8
:104ac0002200c297231062003c00c2a72000c293bc
:104ad000ffff42304000c397231062004000c2a78e
:104ae0001a00c293020042241a00c2a30000000070
:104af0002600c0a33800c48fba4a400f000000004f
:104b00002800c2a71c00c0a7de12400b0000000056
:104b10001800c3973c00c29721106200ffff443089
:104b20001c00c297010043241c00c3a73800c38f98
:104b30002110620000004280ff0043304e808297c7
:104b400024808797268086934000c5971000a7afe2
:104b50001400a6af21306000213840009310400fb0
:104b600000000000ffff43301800c29721106200d0
:104b7000ffff42301800c2a71c00c3972800c2974d
:104b80002b106200e2ff4014000000008c8082972e
:104b90002200c3972b1062006c0040100000000040
:104ba0004e80839724808297680062100000000086
:104bb0003c00c3972200c29721106200ffff4330e0
:104bc0002600c283ffff423021106200ffff423007
:104bd0001e00c2a71a00c29302000324160043104d
:104be00000000000030003243d004310000000000b
:104bf0000100032455004314000000001e00c49768
:104c00008c8083972200c29723106200ffff4330fd
:104c1000248086974000c5972400c2971000a6af55
:104c20002130600021384000e90a400f00000000f8
:104c30005313400b000000001e00c4978c80829725
:104c4000211840002200c297231062004310020086
:104c5000ffff4330248086974000c5972400c29709
:104c60001000a6af2130600021384000e90a400f53
:104c7000000000008c808297211840002200c2971b
:104c80002310620043100200ffff42303c00c39734
:104c900023106200ffff42301e00c2a71e00c4970f
:104ca0008c808297211840002200c2972310620056
:104cb00043100200ffff4330248086974000c597d1
:104cc0002400c2971000a6af2130600021384000b8
:104cd000e90a400f000000005313400b00000000e1
:104ce0001e00c3878c8082972a1043000300401067
:104cf000000000008c8082971e00c2a73c00c39772
:104d00002200c29721106200ffff43301e00c297ad
:104d100023106200ffff44301e00c3972200c29799
:104d200023106200ffff4330248086974000c59720
:104d30002400c2971000a6af213060002138400047
:104d4000e90a400f00000000000000001800c297b0
:104d500021e8c0033400bf8f3000be8f3800bd276c
:104d60000800e00300000000d8ffbd272400bfaf0b
:104d70002000beaf21f0a003214080002120a00030
:104d80002118c0002110e0002800c8a72c00c4a7eb
:104d90003000c3a33400c2a72800c38722808297b3
:104da0002a10620016004010000000002c00c3878b
:104db000208082972a10620011004010000000003d
:104dc0002800c3873c00c2934010020080200200ec
:104dd0002310820021106200ffff422408004004db
:104de000000000002c00c3874000c293c0100200e6
:104df00021106200ffff4224030041040000000074
:104e00004c14400b000000001800c0a31814400b05
:104e1000000000003000c3932110600080100200e9
:104e2000211843001800c29321186200019d023c22
:104e300008ed422421106200000042901a00c2a333
:104e40001900c0a31114400b000000001a00c29307
:104e5000010042303a004010000000003c00c393c3
:104e60000100022416006214000000004000c393f9
:104e70000100022412006214000000001800c29316
:104e8000ffff43302800c29721106200ffff44302b
:104e90001900c293ffff43302c00c297211062001b
:104ea000ffff43303400c2972128600021304000ca
:104eb000a704400f000000000b14400b000000008e
:104ec0001800c293ffff43303c00c293ffff423003
:104ed0001800620012100000ffff43302800c29744
:104ee00021106200ffff44301900c293ffff4330de
:104ef0004000c293ffff4230180062001210000011
:104f0000ffff43302c00c29721106200ffff4530a5
:104f10003c00c293ffff43304000c293ffff42308a
:104f20003400c6971000a6af213060002138400041
:104f3000e90a400f000000000b14400b00000000c5
:104f40003800c3973400c297380062100000000098
:104f50003c00c3930100022416006214000000000c
:104f60004000c393010002241200621400000000fc
:104f70001800c293ffff43302800c297211062003f
:104f8000ffff44301900c293ffff43302c00c2974b
:104f900021106200ffff43303800c29721286000d3
:104fa00021304000a704400f000000000b14400b0c
:104fb000000000001800c293ffff43303c00c29382
:104fc000ffff42301800620012100000ffff433064
:104fd0002800c29721106200ffff44301900c293dd
:104fe000ffff43304000c293ffff423018006200d1
:104ff00012100000ffff43302c00c2972110620006
:10500000ffff45303c00c293ffff43304000c29396
:10501000ffff42303800c6971000a6af2130600075
:1050200021384000e90a400f000000001900c29337
:10503000010042241900c2a31a00c29342100200c8
:105040001a00c2a31900c2930800422c7fff40142b
:10505000000000001800c293010042241800c2a3ff
:105060001800c2930500422c6aff401400000000a3
:105070003800c3973400c2972d0062100000000072
:105080003c00c393010002241200621400000000df
:105090004000c393010002240e00621400000000cf
:1050a0002800c29705004224ffff42302026027ce0
:1050b0002c00c3873800c29721286000080006240e
:1050c000213840004a0f400f000000004c14400bf4
:1050d000000000003c00c293ffff42302118400056
:1050e000211060008010020021104300ffff4330b8
:1050f0002800c29721106200ffff44302c00c597a2
:105100003c00c293ffff43304000c293ffff423098
:10511000c0100200ffff42303800c6971000a6af53
:105120002130600021384000e90a400f00000000f3
:1051300021e8c0032400bf8f2000be8f2800bd27b8
:105140000800e00300000000d0ffbd272c00bfaf27
:105150002800beaf2400b0af21f0a00321108000d2
:105160003000c2a33000c3930a0002240b00621473
:105170000000000026808293c0100200ffff433031
:105180004c80829721106200ffff42304c8082a742
:105190004a8080a79914400b000000004a80829743
:1051a0002026027c4c808297202e027c4e808297a3
:1051b0002480889726808793268086933000c39327
:1051c0001000a8af1400a7af1800a6af21306000f0
:1051d000213840005a13400f0000000026808293bf
:1051e000401002008018020023106200ffff4330cd
:1051f0004a80829721106200ffff42304a8082a7d6
:105200005080829317004010000000004a8082976f
:10521000218040000b15400f0000000021184000c5
:10522000268082934010020080200200231082001a
:1052300023100200211062002a10500009004010c3
:105240000000000026808293c0100200ffff433060
:105250004c80829721106200ffff42304c8082a771
:105260004a8080a721e8c0032c00bf8f2800be8f92
:105270002400b08f3000bd270800e00300000000cc
:10528000e0ffbd271c00bfaf1800beaf21f0a00398
:105290002000c4af2118a0002110c0002400c3a723
:1052a0002800c2a72000c28f0300401400000000a5
:1052b000c714400b000000001000c0af2400c397cb
:1052c0002800c2972120600021284000cd14400f03
:1052d00000000000c114400b000000001000c28f4d
:1052e000010043241000c3af2000c38f21106200cf
:1052f00000004280ff004230212040005214400f45
:10530000000000002000c38f1000c28f2110620037
:1053100000004280f1ff40140000000021e8c003bb
:105320001c00bf8f1800be8f2000bd270800e003bf
:1053300000000000f8ffbd270400beaf21f0a0036d
:10534000211880002110a0000800c3a70c00c2a7ec
:105350000800c2974a8082a70c00c2974c8082a79f
:1053600021e8c0030400be8f0800bd270800e00349
:1053700000000000f8ffbd270400beaf21f0a0032d
:10538000211880002110a0000800c3a70c00c2a7ac
:105390000800c2974e8082a70c00c297248082a783
:1053a00021e8c0030400be8f0800bd270800e00309
:1053b00000000000f8ffbd270400beaf21f0a003ed
:1053c000211080000800c2a30800c293508082a36d
:1053d00021e8c0030400be8f0800bd270800e003d9
:1053e00000000000f8ffbd270400beaf21f0a003bd
:1053f0004e80829721e8c0030400be8f0800bd27bd
:105400000800e00300000000f8ffbd270400beaf65
:1054100021f0a0032480829721e8c0030400be8ffe
:105420000800bd270800e00300000000f8ffbd27ca
:105430000400beaf21f0a00351808293050040100c
:10544000000000007480828fffff42301615400b71
:10545000000000002280829721e8c0030400be8f74
:105460000800bd270800e00300000000f8ffbd278a
:105470000400beaf21f0a0035180829305004010cc
:10548000000000009480828fffff42302615400b01
:10549000000000002080829721e8c0030400be8f36
:1054a0000800bd270800e00300000000f8ffbd274a
:1054b0000400beaf21f0a0034880829321e8c0031e
:1054c0000400be8f0800bd270800e00300000000b4
:1054d000f8ffbd270400beaf21f0a0034a808297e9
:1054e0002016027c21e8c0030400be8f0800bd27ff
:1054f0000800e00300000000f8ffbd270400beaf75
:1055000021f0a0034c8082972016027c21e8c00382
:105510000400be8f0800bd270800e0030000000063
:10552000e0ffbd271c00bfaf1800beaf1400b0af36
:1055300021f0a0032000c4af2400c5af2800c6afef
:105540002c00c7af2000c28f788082af2400c28faa
:105550007c8082af2800c28f748082af2c00c28f03
:10556000948082af518080a3528080a3888080afd6
:10557000808080af0b15400f00000000848082af58
:105580001b15400f00000000908082af2000c28fea
:1055900006004104000000002800c38f2000c28fd5
:1055a000211062002800c2af2000c0af2400c28fcb
:1055b00006004104000000002c00c38f2400c28fad
:1055c000211062002c00c2af2400c0af2000c38fa6
:1055d0002800c28f218062000b15400f00000000e0
:1055e0002a10500007004010000000000b15400f6b
:1055f00000000000211840002000c28f231062002c
:105600002800c2af2400c38f2c00c28f218062000b
:105610001b15400f000000002a105000070040102a
:10562000000000001b15400f000000002118400082
:105630002400c28f231062002c00c2af2800c28f4a
:1056400004004018000000002c00c28f0d00401c18
:1056500000000000788080af7c8080af0b15400f89
:1056600000000000748082af1b15400f0000000096
:10567000948082af01000224528082a3bc15400bab
:10568000000000003000c29301004238ff004230a9
:105690000900401000000000788080af7c8080af5f
:1056a0000b15400f00000000748082af1b15400fe7
:1056b00000000000948082af2000c28f888082affb
:1056c0002400c28f808082af2000c38f2800c28f49
:1056d00021106200848082af2400c38f2c00c28f0f
:1056e00021106200908082af3000c293518082a36b
:1056f00021e8c0031c00bf8f1800be8f1400b08fbc
:105700002000bd270800e00300000000e8ffbd27df
:105710001400beaf21f0a0031800c4af1c00c5af39
:105720002000c6af2400c7af52808293040040100f
:1057300000000000211000002916400b00000000ae
:105740007880828f1800c38f211062001800c2afca
:105750007c80828f1c00c38f211062001c00c2afae
:105760008480828f1800c38f2a10620006004010c8
:10577000000000009080828f1c00c38f2a106200fe
:105780000400401400000000211000002916400b06
:10579000000000000800c0af0c00c0af2000c28fa6
:1057a0000000c2af2400c28f0400c2af8880828f85
:1057b0001800c38f2a1062000b0040100000000088
:1057c0008880838f1800c28f231062000800c2af48
:1057d0000000c38f0800c28f231062000000c2af18
:1057e0008880828f1800c2af8080828f1c00c38f98
:1057f0002a1062000b004010000000008080838fa0
:105800001c00c28f231062000c00c2af0400c38fc3
:105810000c00c28f231062000400c2af8080828f10
:105820001c00c2af1800c38f0000c28f2118620095
:105830008480828f2a104300050040100000000081
:105840008480838f1800c28f231062000000c2afd3
:105850001c00c38f0400c28f211862009080828fc9
:105860002a10430005004010000000009080838f44
:105870001c00c28f231062000400c2af0000c28f60
:1058800004004018000000000400c28f0400401c07
:1058900000000000211000002916400b000000004d
:1058a0000100022421e8c0031400be8f1800bd27a8
:1058b0000800e00300000000e8ffbd271400bfafb0
:1058c0001000beaf21f0a003518080a3528080a3be
:1058d000788080af7c8080af888080af808080af10
:1058e0000b15400f00000000848082af1b15400f95
:1058f00000000000908082af0b15400f00000000f8
:10590000748082af1b15400f00000000948082afae
:1059100021e8c0031400bf8f1000be8f1800bd2700
:105920000800e00300000000f8ffbd270400beaf40
:1059300021f0a0037880828f21e8c0030400be8f8d
:105940000800bd270800e00300000000f8ffbd27a5
:105950000400beaf21f0a0037c80828f21e8c00349
:105960000400be8f0800bd270800e003000000000f
:10597000f8ffbd270400beaf21f0a0037480828f22
:1059800021e8c0030400be8f0800bd270800e00323
:1059900000000000f8ffbd270400beaf21f0a00307
:1059a0009480828f21e8c0030400be8f0800bd27c9
:1059b0000800e00300000000f8ffbd270400beafb0
:1059c00021f0a0035180829321e8c0030400be8f20
:1059d0000800bd270800e00300000000c8ffbd2745
:1059e0003400bfaf3000beaf21f0a0032110800013
:1059f0003c00c5af3800c2a7518082931800c2a3f3
:105a00003c00c28f59004018000000000100022431
:105a1000518082a38480828fffff43308880828ff1
:105a2000ffff423023106200ffff43303c00c28f73
:105a3000ffff42303800c4971000a4af21200000bf
:105a4000212800002130600021384000e90a400f81
:105a5000000000003c00c28fffff45303c00c28fb9
:105a6000ffff43309080828fffff44308080828f21
:105a7000ffff423023108200ffff44303c00c28f02
:105a8000ffff423023108200ffff44303c00c28ff2
:105a9000ffff423023108200ffff42303800c497de
:105aa0001000a4af21200000213060002138400008
:105ab000e90a400f000000007480828fffff43302e
:105ac0003c00c28fffff423023106200ffff4430d2
:105ad0003c00c28fffff45303c00c28fffff4330c8
:105ae0009480828fffff46303c00c28fffff423020
:105af0002310c200ffff46303c00c28fffff423040
:105b00002310c200ffff42303800c6971000a6af36
:105b10002130600021384000e90a400f00000000f9
:105b20009480828fffff43303c00c28fffff4230e2
:105b300023106200ffff45307480828fffff4330e7
:105b40003c00c28fffff42303800c4971000a4af62
:105b5000212000002130600021384000e90a400f78
:105b6000000000007f17400b000000003c00c28fc7
:105b7000231002003c00c2af8880828f1c00c2af9d
:105b8000888080af8080828f2000c2af808080af0d
:105b90008480828f2400c2af9080828f2800c2afa1
:105ba000518080a31b15400f00000000908082af41
:105bb0000b15400f00000000848082af1c00c28fd4
:105bc000ffff43303c00c28fffff423023106200d2
:105bd000ffff43307880828fffff42302310620046
:105be000ffff44302000c28fffff43303c00c28fd4
:105bf000ffff423023106200ffff43307c80828f22
:105c0000ffff423023106200ffff45302400c28fa7
:105c1000ffff43301c00c28fffff423023106200a1
:105c2000ffff43303c00c28fffff42302110620073
:105c3000ffff43303c00c28fffff42302110620063
:105c4000ffff43303c00c28fffff42303800c69751
:105c50001000a6af2130600021384000e90a400f53
:105c6000000000001c00c28fffff43303c00c28fc9
:105c7000ffff423023106200ffff43307880828fa5
:105c8000ffff423023106200ffff44302000c28f2c
:105c9000ffff43307c80828fffff42302310620081
:105ca000ffff45303c00c28fffff43302800c28f0a
:105cb000ffff46302000c28fffff42302310c2009a
:105cc000ffff42303800c6971000a6af21306000b9
:105cd00021384000e90a400f000000002400c28f74
:105ce000ffff43307880828fffff42302310620035
:105cf000ffff44302000c28fffff43307c80828f43
:105d0000ffff423023106200ffff45303c00c28f8e
:105d1000ffff43302800c28fffff46302000c28fb4
:105d2000ffff42302310c200ffff42303800c69709
:105d30001000a6af2130600021384000e90a400f72
:105d4000000000001c00c28fffff43303c00c28fe8
:105d5000ffff423023106200ffff43307880828fc4
:105d6000ffff423023106200ffff44302800c28f43
:105d7000ffff43307c80828fffff423023106200a0
:105d8000ffff45302400c28fffff43301c00c28f4d
:105d9000ffff423023106200ffff43303c00c28f00
:105da000ffff423021106200ffff43303c00c28ff2
:105db000ffff423021106200ffff43303c00c28fe2
:105dc000ffff42303800c6971000a6af21306000b8
:105dd00021384000e90a400f000000001c00c28f7b
:105de000888082af2000c28f808082af2400c28f63
:105df000848082af2800c28f908082af1800c29347
:105e0000518082a321e8c0033400bf8f3000be8fd1
:105e10003800bd270800e00300000000f8ffbd27a0
:105e20000400beaf21f0a0039880829321e8c00354
:105e30000400be8f0800bd270800e003000000003a
:105e4000f8ffbd270400beaf21f0a00321108000a1
:105e50000800c2a30800c293988082a321e8c0036f
:105e60000400be8f0800bd270800e003000000000a
:105e7000f8ffbd270400beaf21f0a0032110800071
:105e80000800c2a70800c2978c8082a721e8c0033f
:105e90000400be8f0800bd270800e00300000000da
:105ea000f8ffbd270400beaf21f0a0038c808297cd
:105eb00021e8c0030400be8f0800bd270800e003ee
:105ec00000000000e0ffbd271c00beaf21f0a003d2
:105ed0002118a0002110c0002000c4a32400c3a7e3
:105ee0002800c2a72400c29782120200ffff42309e
:105ef0003e004230ffff4230010042240000c2a7b2
:105f00002400c29702110200ffff42307e0042309f
:105f1000ffff4230010042240200c2a72400c297c2
:105f200040100200ffff42303e004230ffff42308f
:105f3000010042240400c2a72800c2978212020076
:105f4000ffff42303e004230ffff4230010042245a
:105f50000600c2a72800c29702110200ffff4230cc
:105f60007e004230ffff4230010042240800c2a7f9
:105f70002800c29740100200ffff42303e0042302e
:105f8000ffff4230010042240a00c2a70000c3976d
:105f90002000c293021062700600c4972000c393d1
:105fa000ff0005242318a300180083001218000026
:105fb00021104300431202000c00c2a70200c39745
:105fc0002000c293021062700800c4972000c3939f
:105fd000ff0005242318a3001800830012180000f6
:105fe00021104300431202000e00c2a70400c39711
:105ff0002000c293021062700a00c4972000c3936d
:10600000ff0005242318a3001800830012180000c5
:1060100021104300431202001000c2a70c00c297d7
:10602000c0120200201e027c0e00c2974011020026
:106030002016027c25106200201e027c1000c28700
:10604000251062002016027cffff423021e8c003c9
:106050001c00be8f2000bd270800e00300000000e8
:10606000d8ffbd272400bfaf2000beaf21f0a003a2
:10607000214080002120a0002118c0002110e00054
:106080002800c8a72c00c4a73000c3a73400c2a7ab
:106090005280829303004010000000007618400bed
:1060a000000000007880828fffff43302800c297f5
:1060b00021106200ffff42302800c2a77c80828f3f
:1060c000ffff43302c00c29721106200ffff4230d7
:1060d0002c00c2a73000c287040040180000000056
:1060e0003400c2870300401c000000007618400bfb
:1060f000000000003000c28721204000e151400f25
:1061000000000000019d043c0cf2858c08f2848c98
:106110002130400021386000c63d400f00000000e3
:1061200021204000212860005e4e400f000000004a
:106130001800c2af019d023c10f2428c1000c2afa9
:106140003800c28f1400c2af7118400b000000006d
:106150002800c287010043242800c3a71400c38f6e
:10616000ffff63302c00c5873400c6872120400024
:10617000213860004a0f400f000000001000c48f5b
:106180001800c58f2d49400f000000001000c2af5d
:106190001000c48fc251400f00000000ff004430c7
:1061a0003800c28fffff43303c00c28fffff4230f8
:1061b0002128600021304000b117400f000000008e
:1061c0001400c2af3000c287ffff43243000c3a7d2
:1061d000dfff40140000000021e8c0032400bf8f4f
:1061e0002000be8f2800bd270800e003000000004b
:1061f000d8ffbd272400bfaf2000beaf21f0a00311
:10620000214080002120a0002118c0002110e000c2
:106210002800c8a72c00c4a73000c3a73400c2a719
:10622000528082930300401000000000da18400bf7
:10623000000000007880828fffff43302800c29763
:1062400021106200ffff42302800c2a77c80828fad
:10625000ffff43302c00c29721106200ffff423045
:106260002c00c2a73000c2870400401800000000c4
:106270003400c2870300401c00000000da18400b05
:10628000000000003400c28721204000e151400f8f
:1062900000000000019d043c0cf2858c08f2848c07
:1062a0002130400021386000c63d400f0000000052
:1062b00021204000212860005e4e400f00000000b9
:1062c0001800c2af019d023c10f2428c1000c2af18
:1062d0003800c28f1400c2afd518400b0000000078
:1062e0002c00c287010043242c00c3a71400c38fd5
:1062f000ffff63302800c4873000c6872128400094
:1063000021386000960f400f000000001000c48f7d
:106310001800c58f2d49400f000000001000c2afcb
:106320001000c48fc251400f00000000ff00443035
:106330003800c28fffff43303c00c28fffff423066
:106340002128600021304000b117400f00000000fc
:106350001400c2af3400c287ffff43243400c3a738
:10636000dfff40140000000021e8c0032400bf8fbd
:106370002000be8f2800bd270800e00300000000b9
:10638000e8ffbd271400bfaf1000beaf21f0a0038f
:10639000020004240f0005242955400f00000000ce
:1063a00088bf033ca0616294444a027ca06162a45d
:1063b00021e8c0031400bf8f1000be8f1800bd2756
:1063c0000800e00300000000e8ffbd271400bfaf95
:1063d0001000beaf21f0a003020004240100052438
:1063e0002955400f0000000088bf033ca061629463
:1063f00001000424444a827ca06162a421e8c00315
:106400001400bf8f1000be8f1800bd270800e003e6
:1064100000000000e8ffbd271400bfaf1000beafb2
:1064200021f0a003211080001800c2a31800c2931d
:106430000200042421284000bc52400f000000004c
:1064400002000424a452400f00000000ff0042306c
:1064500021e8c0031400bf8f1000be8f1800bd27b5
:106460000800e00300000000d8ffbd272400bfaff4
:106470002000beaf21f0a0032800c4af2c00c5afa0
:106480002110c0003000c2a7010002241000c2a7e2
:106490001200c0a72f19400b000000001000c29787
:1064a0001200c2a7dc19400f000000001000c2a7b4
:1064b00001000424a838400f000000001000c3971a
:1064c0001200c2972b104300f4ff4014000000009c
:1064d0001000c3973000c2972b10430004004014f3
:1064e00000000000211000007819400b000000009f
:1064f0001400c3271600c227212060002128400075
:106500007e19400f0000000001000424a838400f4d
:1065100000000000dc19400f000000003000c397ad
:106520002b10620004004014000000002110000045
:106530007819400b0000000002000424a838400f26
:10654000000000001800c3271a00c22721206000a5
:10655000212840007e19400f000000001400c2975f
:10656000211840001800c29723106200c31f0200c8
:106570002610620023104300150042280400401436
:1065800000000000211000007819400b00000000fe
:106590001600c297211840001a00c297231062000b
:1065a000c31f02002610620023104300150042287a
:1065b0000400401400000000211000007819400b76
:1065c000000000001400c3972800c28f000043a4fd
:1065d0001600c3972c00c28f000043a401000224c0
:1065e00021e8c0032400bf8f2000be8f2800bd27f4
:1065f0000800e00300000000e0ffbd271c00bfaf63
:106600001800beaf21f0a0032000c4af2400c5af26
:10661000e018400f00000000d00004240519400fce
:1066200000000000212000000519400f00000000bc
:10663000d00004240519400f0000000021200000b4
:106640000519400f00000000d00004240519400f78
:1066500000000000212000000519400f000000008c
:10666000d00004240519400f000000002120000084
:106670000519400f000000001000c2a71000c297cb
:10668000401102001000c2a7900004240519400f19
:1066900000000000c2100200ff004230211840003c
:1066a0001000c297251062001000c2a72000c28f00
:1066b0001000c397000043a4212000000519400fdb
:1066c00000000000900004240519400f00000000a5
:1066d000212000000519400f000000009000042454
:1066e0000519400f00000000212000000519400f8f
:1066f00000000000900004240519400f0000000075
:10670000212000000519400f000000001000c2a762
:106710001000c297401102001000c2a72120000003
:106720000519400f00000000c2100200ff004230b7
:10673000211840001000c297251062001000c2a767
:106740002400c28f1000c397000043a4f218400f2a
:10675000000000000100022421e8c0031c00bf8fdc
:106760001800be8f2000bd270800e00300000000d5
:10677000e0ffbd271c00bfaf1800beaf21f0a00393
:10678000e018400f00000000ff0f02241000c2a715
:10679000b00004240519400f000000002120000073
:1067a0000519400f000000001200c2a3c00004241d
:1067b0000519400f000000001300c2a31300c3938b
:1067c0001200c29325106200ff004230c210020086
:1067d000ff004230211840001000c29721106200d3
:1067e000ffff42301000c2a7212000000519400f12
:1067f000000000001200c2a3212000000519400f74
:10680000000000001300c2a31000c3971300c4933c
:106810001200c29325108200ff004230c210020015
:10682000ff00423023106200ffff42301000c2a779
:10683000f218400f000000001000c29721e8c003ca
:106840001c00bf8f1800be8f2000bd270800e0038a
:1068500000000000e0ffbd271c00bfaf1800beaf66
:1068600021f0a0032000c4af2400c5af2110c00058
:106870002800c2a72800c2971400422c0300401031
:1068800000000000140002242800c2a7e238400fd4
:1068900000000000211840005880828f2b106200f9
:1068a0000300401000000000140002242800c2a7ca
:1068b000050002241000c2a31100c0a33d1a400b22
:1068c000000000001200c4271400c3272800c2974c
:1068d00021286000213040001a19400f00000000fc
:1068e00004004010000000001100c2930100422487
:1068f0001100c2a31000c293ffff43241000c3a3e2
:10690000f0ff4014000000001100c2930500401485
:1069100000000000588080af211000006f1a400b6b
:1069200000000000e238400f000000003200422466
:10693000588082af1200c3271400c22721206000b4
:1069400021284000751a400f000000000b15400f71
:1069500000000000211840001200c2972b104300d5
:1069600008004010000000001b15400f0000000050
:10697000211840001400c2972b104300040040145b
:1069800000000000211000006f1a400b0000000002
:106990001200c2979a8082a71400c2979c8082a797
:1069a0009a8083972000c28f000043a49c80839725
:1069b0002400c28f000043a41100c29321e8c00349
:1069c0001c00bf8f1800be8f2000bd270800e00309
:1069d00000000000d8ffbd272400bfaf2000beafdd
:1069e0001c00b0af21f0a0032800c4af2c00c5af3d
:1069f0002800c28f000042941400c2a72c00c28f4e
:106a0000000042941600c2a73880828f2f004014e5
:106a1000000000001400c3972880828f238062004a
:106a20000b15400f00000000180002022c80828f1e
:106a3000121800001b006200f4014000101000005a
:106a4000121000001000c2a71600c3973080828f7a
:106a5000238062001b15400f000000001800020296
:106a60003480828f121800001b006200f401400085
:106a700010100000121000001200c2a75480828f74
:106a800007004010000000000b15400f0000000040
:106a9000211840001000c297231062001000c2a706
:106aa0003c80828f35004010000000001b15400f15
:106ab00000000000211840001200c297231062005d
:106ac0001200c2a7df1a400b000000001600c39797
:106ad0002880828f238062000b15400f0000000089
:106ae000180002022c80828f121800001b00620026
:106af000f401400010100000121000001000c2a7a6
:106b00001400c3973080828f238062001b15400fd2
:106b100000000000180002023480828f121800006a
:106b20001b006200f4014000101000001210000071
:106b30001200c2a75480828f07004010000000009e
:106b40000b15400f00000000211840001000c297f4
:106b5000231062001000c2a73c80828f0700401003
:106b6000000000001b15400f00000000211840002d
:106b70001200c297231062001200c2a72800c28f21
:106b80001000c397000043a42c00c28f1200c397cb
:106b9000000043a421e8c0032400bf8f2000be8f63
:106ba0001c00b08f2800bd270800e0030000000093
:106bb000a8ffbd275400bfaf5000beaf4c00b2af1e
:106bc0004800b1af4400b0af21f0a0035800c4affb
:106bd0005c00c5af6000c6af2110e0006400c2a336
:106be0001c00c0af2000c0af2400c0af2800c0af61
:106bf0002c00c0af3000c0af3400c0af3800c0af11
:106c00001800c0a3eb1c400b000000006400c293fe
:106c1000ffff423001004224ffff43306400c29373
:106c2000ffff423001004224ffff42306000c48f6a
:106c3000ffff84301000a4af2120000021280000b5
:106c40002130600021384000e90a400f00000000b8
:106c50001b15400f00000000211840006400c29383
:106c6000ffff423023106200ffff4230ffff42244b
:106c7000ffff45306400c293ffff42300100422411
:106c8000ffff43306400c293ffff42300100422403
:106c9000ffff42306000c48fffff84301000a4afbc
:106ca000212000002130600021384000e90a400f17
:106cb000000000000b15400f0000000021184000ec
:106cc0006400c293ffff423023106200ffff423096
:106cd000ffff4224ffff44306400c293ffff4230b5
:106ce00001004224ffff43306400c293ffff4230a3
:106cf00001004224ffff42306000c58fffffa53036
:106d00001000a5af2128000021306000213840008c
:106d1000e90a400f000000000b15400f00000000c2
:106d2000211840006400c293ffff4230231062002c
:106d3000ffff4230ffff4224ffff50301b15400f82
:106d400000000000211840006400c293ffff4230a1
:106d500023106200ffff4230ffff4224ffff453057
:106d60006400c293ffff423001004224ffff433022
:106d70006400c293ffff423001004224ffff423013
:106d80006000c48fffff84301000a4af21200002f8
:106d90002130600021384000e90a400f0000000067
:106da0001800c393050002240300621400000000d1
:106db000ef1c400b000000001800c29301000324e8
:106dc0003500431000000000020043280500601059
:106dd000000000000b004010000000008c1c400b65
:106de00000000000020003246e00431000000000b9
:106df00003000324ae004310000000008c1c400b75
:106e0000000000006400c293ffff42305c00c38fab
:106e1000ffff63301000a3af2120000021280000f5
:106e200021300000213840009f06400f0000000084
:106e30006400c293ffff42305c00c38fffff6330ea
:106e40001000a3af212000002128000021304000c5
:106e5000213800009f06400f000000006400c2932c
:106e6000ffff43306400c293ffff42305c00c48fd9
:106e7000ffff84301000a4af212000002128000073
:106e800021306000213840009f06400f00000000c4
:106e90008c1c400b000000001b15400f0000000080
:106ea000211840006400c293ffff423023106200ab
:106eb000ffff4230ffff4224ffff50301b15400f01
:106ec00000000000ffff4224ffff42305c00c38f40
:106ed000ffff63301000a3af212000002128000233
:106ee00021300000213840009f06400f00000000c4
:106ef0001b15400f00000000ffff4224ffff513030
:106f00006400c293ffff50301b15400f00000000cb
:106f1000ffff4224ffff42305c00c38fffff63305e
:106f20001000a3af21200000212820022130000200
:106f3000213840009f06400f000000006400c2930b
:106f4000ffff51301b15400f0000000021184000ca
:106f50006400c293ffff423023106200ffff423003
:106f6000ffff4224ffff50301b15400f00000000c0
:106f7000ffff4224ffff42305c00c38fffff6330fe
:106f80001000a3af212020022128000221300000a0
:106f9000213840009f06400f000000008c1c400b71
:106fa000000000000b15400f0000000021184000f9
:106fb0006400c293ffff423023106200ffff4230a3
:106fc000ffff4224ffff50300b15400f0000000070
:106fd000ffff4224ffff42305c00c38fffff63309e
:106fe0001000a3af21200002212800002130400022
:106ff000213800009f06400f000000000b15400fd5
:1070000000000000211840006400c293ffff4230de
:1070100023106200ffff4230ffff4224ffff513088
:107020006400c293ffff50300b15400f00000000ba
:10703000ffff4224ffff42305c00c38fffff63303d
:107040001000a3af2120200221280002213040009f
:10705000213800009f06400f000000000b15400f74
:1070600000000000ffff4224ffff51306400c29384
:10707000ffff50300b15400f00000000ffff4224bf
:10708000ffff42305c00c38fffff63301000a3afef
:107090002120200221280002213040002138000058
:1070a0009f06400f000000008c1c400b00000000f9
:1070b0000b15400f00000000211840006400c2932f
:1070c000ffff423023106200ffff4230ffff4224e7
:1070d000ffff52301b15400f000000002118400038
:1070e0006400c293ffff423023106200ffff423072
:1070f000ffff4224ffff51300b15400f000000003e
:10710000ffff4224ffff50301b15400f000000001e
:10711000ffff4224ffff42305c00c38fffff63305c
:107120001000a3af212040022128200221300002bc
:10713000213840009f06400f000000000b15400f53
:1071400000000000ffff4224ffff52301b15400fdc
:1071500000000000211840006400c293ffff42308d
:1071600023106200ffff4230ffff4224ffff513037
:107170000b15400f00000000ffff4224ffff5030be
:107180001b15400f00000000ffff4224ffff4230ac
:107190005c00c38fffff63301000a3af21204002cb
:1071a0002128200221300002213840009f06400f94
:1071b000000000000b15400f0000000021184000e7
:1071c0006400c293ffff423023106200ffff423091
:1071d000ffff4224ffff52301b15400f000000004c
:1071e000ffff4224ffff51300b15400f000000004d
:1071f000ffff4224ffff50301b15400f000000002e
:10720000ffff4224ffff42305c00c38fffff63306b
:107210001000a3af212040022128200221300002cb
:10722000213840009f06400f0000000000000000d1
:107230001800c2930400401000000000e80304247a
:10724000a838400f000000001900c0a3c01c400b6c
:1072500000000000000000003c00c3273e00c227e1
:107260002120600021284000fa0f06241a19400f3f
:1072700000000000f8ff4010000000001800c2935a
:10728000402002001800c29340100200801002004b
:107290001800c327211062000400438c3c00c297f1
:1072a00021186200801004001800c42721108200f9
:1072b000040043ac1800c2934010020001004424b3
:1072c0001800c29340100200010042248010020006
:1072d0001800c327211062000400438c3e00c297af
:1072e00021186200801004001800c42721108200b9
:1072f000040043ac1900c293010042241900c2a348
:107300001900c2930800422cd2ff40140000000074
:107310001800c293402002001800c29340100200df
:10732000801002001800c327211062000400428c64
:1073300007004324000045280b106500c31002001d
:1073400021184000801004001800c427211082007a
:10735000040043ac1800c293401002000100442412
:107360001800c29340100200010042248010020065
:107370001800c327211062000400428c0700432438
:10738000000045280b106500c310020021184000c2
:10739000801004001800c42721108200040043acb0
:1073a0001800c293010042241800c2a31800c2931f
:1073b0000400422c15fe401400000000388080af0d
:1073c0001c00c38f2400c28f23186200c317030060
:1073d00026184300231862002000c48f2800c28fa3
:1073e00023108200c32702002610820023104400cd
:1073f0002a10430021004010000000000100022478
:10740000388082af2000c38f2800c28f2110620015
:10741000c21f02002110620043100200288082afc8
:107420003000c38f3800c28f21106200c21f0200db
:1074300021106200431002002c8082af1c00c38f19
:107440002c00c28f21106200c21f020021106200b6
:1074500043100200308082af2400c38f3400c28ffb
:1074600021106200c21f02002110620043100200be
:10747000348082af3b1d400b000000001c00c38f16
:107480002400c28f21106200c21f0200211062007e
:1074900043100200288082af2c00c38f3400c28fbb
:1074a00021106200c21f020021106200431002007e
:1074b0002c8082af2000c38f3000c28f2110620069
:1074c000c21f02002110620043100200308082af10
:1074d0002800c38f3800c28f21106200c21f020033
:1074e0002110620043100200348082af548080afcc
:1074f0002880838f2c80828f2b104300090040103e
:10750000000000002880828f1c00c2af2c80828f78
:10751000288082af1c00c28f2c8082af0100022421
:10752000548082af3c8080af3080838f3480828fe4
:107530002b10430009004010000000003080828fb3
:107540001c00c2af3480828f308082af1c00c28f9b
:10755000348082af010002243c8082af2c80838f74
:107560002880828f231062002c8082af3480838f2a
:107570003080828f23106200348082af2880828f17
:10758000030040140000000001000224288082afa4
:107590002c80828f030040140000000001000224b0
:1075a0002c8082af3080828f0300401400000000e6
:1075b00001000224308082af3480828f03004014a7
:1075c0000000000001000224348082af5800c28f06
:1075d0001a004010000000002880838f5800c28fde
:1075e000000043ac5800c28f040042242c80838fdb
:1075f000000043ac5800c28f080042243080838fc3
:10760000000043ac5800c28f0c0042243480838faa
:10761000000043ac5800c28f100042245480838f76
:10762000402003003880838f252083003c80838f97
:107630008018030025188300000043ac21e8c00334
:107640005400bf8f5000be8f4c00b28f4800b18fe6
:107650004400b08f5800bd270800e0030000000080
:10766000f8ffbd270400beaf21f0a0030800c4af9f
:107670000800c28f0000428c288082af0800c28fb1
:107680000400428c2c8082af0800c28f0800428c1c
:10769000308082af0800c28f0c00428c348082aff1
:1076a0002880828f030040140000000001000224a3
:1076b000288082af2c80828f0300401400000000dd
:1076c000010002242c8082af3080828f030040149e
:1076d0000000000001000224308082af3480828fdd
:1076e000030040140000000001000224348082af37
:1076f0000800c28f100042240000428c010042307a
:10770000388082af0800c28f100042240000428cf3
:107710000200423042100200548082af0800c28f43
:10772000100042240000428c04004230821002000b
:107730003c8082af21e8c0030400be8f0800bd2753
:107740000800e00300000000e0ffbd271c00bfaf01
:107750001800beaf21f0a0032000c4af2400c5afc5
:107760002400c28f21204000b954400f00000000c7
:107770001000c0a3f11d400b000000001000c293d8
:1077800080100200211840002400c28f21106200e6
:10779000211840001000c293801002002000c48f06
:1077a000211082000000428c21206000212840002e
:1077b0005654400f000000001000c2930100422404
:1077c0001000c2a31000c2930500422cebff40142e
:1077d0000000000021e8c0031c00bf8f1800be8f0e
:1077e0002000bd270800e00300000000f0ffbd27d7
:1077f0000c00beaf21f0a0031000c4af1400c5af51
:107800000000c0a3111e400b000000000000c29346
:10781000801002001000c38f211062000000c3938b
:1078200080180300212060001400c38f21188300fa
:107830000000638c000043ac0000c29301004224ae
:107840000000c2a30000c2930500422cefff4014c9
:107850000000000021e8c0030c00be8f1000bd270f
:087860000800e0030000000035
:020000040000fa
:020000041d00dd
:10786800d8ffbd272400bfaf2000beaf21f0a00382
:10787800019d023cc855432403006388c8554398ba
:107888001400c3afc8554224040043901800c3a392
:10789800050042901900c2a388bf033c606062944f
:1078a800c47b027c606062a41000c0a33e1e400b33
:1078b800000000001000c2931000c32721106200ce
:1078c800040042900400042421284000bc52400fc8
:1078d8000000000004000424a452400f000000002f
:1078e8001100c2a31000c293010042241000c2a3d9
:1078f8001000c2930600422ceeff40140000000066
:1079080088bf033c6060629401000424c47b827ccd
:10791800606062a421e8c0032400bf8f2000be8fee
:107928002800bd270800e00300000000e0ffbd2795
:107938001c00bfaf1800beaf21f0a00388bf033cf6
:1079480060606294c47b027c606062a404000424ca
:10795800d0000524bc52400f00000000040004249d
:10796800a452400f000000001000c2a30400042429
:10797800ff000524bc52400f00000000040004244e
:10798800a452400f000000001100c2a388bf033cae
:107998006060629401000424c47b827c606062a4fd
:1079a8001100c29321e8c0031c00bf8f1800be8fce
:1079b8002000bd270800e00300000000b8ffbd2735
:1079c8004400bfaf4000beaf3c00b0af21f0a00301
:1079d80088bf033c60606294c47b027c606062a4e0
:1079e8000400042488000524bc52400f0000000055
:1079f80004000424a452400f000000001100c2a398
:107a08001000c0a3941e400b0000000004000424d2
:107a1800ff000524bc52400f000000001000d09366
:107a280004000424a452400f00000000ff0043306b
:107a38001000c22721105000040043a01000c29378
:107a4800010042241000c2a31000c2931900422c66
:107a5800eeff40140000000088bf033c60606294a1
:107a680001000424c47b827c606062a41500c29378
:107a780000120200201e027c1400c2932016027c11
:107a8800251062002016027cffff4230a08082a7ea
:107a98001700c29300120200201e027c1600c29337
:107aa8002016027c251062002016027ca28082a784
:107ab8001900c29300120200201e027c1800c29313
:107ac8002016027c251062002016027ca48082a762
:107ad8001b00c29300120200201e027c1a00c293ef
:107ae8002016027c251062002016027cffff43301e
:107af80000a0023cb00043a41d00c2930012020083
:107b0800201e027c1c00c2932016027c25106200f5
:107b1800201e027c00a0023cb0004224020043a4c4
:107b28001f00c29300120200201e027c1e00c29396
:107b38002016027c25106200201e027c00a0023c58
:107b4800b0004224040043a42100c29300120200a2
:107b5800201e027c2000c2932016027c25106200a1
:107b6800201e027c00a0023cb0004224060043a470
:107b78002300c29300120200201e027c2200c2933e
:107b88002016027c25106200201e027c00a0023c08
:107b9800b0004224080043a42500c293001202004a
:107ba800201e027c2400c2932016027c251062004d
:107bb800201e027c00a0023cb00042240a0043a41c
:107bc8002700c29300120200201e027c2600c293e6
:107bd8002016027c25106200201e027c00a0023cb8
:107be800b00042240c0043a42900c29300120200f2
:107bf800201e027c2800c2932016027c25106200f9
:107c0800201e027c00a0023cb00042240e0043a4c7
:107c18002b00c29300120200201e027c2a00c2938d
:107c28002016027c25106200201e027c00a0023c67
:107c3800b0004224100043a42c00c39300a0023ccf
:107c4800a40043a088bf033c60606294c47b027cac
:107c5800606062a404000424e1000524bc52400fc3
:107c68000000000004000424a452400f000000009b
:107c78001100c2a3190002241000c2a3321f400b36
:107c88000000000004000424ff000524bc52400f3b
:107c9800000000001000d09304000424a452400ff8
:107ca80000000000ff0043301000c22721105000e0
:107cb800040043a01000c293010042241000c2a394
:107cc8001000c2932100422ceeff40140000000077
:107cd80088bf033c6060629401000424c47b827cfa
:107ce800606062a42e00c29300120200201e027c73
:107cf8002d00c2932016027c25106200201e027cf3
:107d080000a0023ca4004224020043a42f00c39315
:107d180000a0023ca4004224040043a03000c29307
:107d280000110200201e027c3100c2932016027c42
:107d38000f0042302016027c25106200201e027cb3
:107d480000a0023ca4004224060043a43300c293ce
:107d580000110200201e027c3200c29302110200b0
:107d6800ff0042302016027c25106200201e027c93
:107d780000a0023ca4004224080043a43400c2939b
:107d8800201c027c00a0023ca40042240a0043a05c
:107d980021e8c0034400bf8f4000be8f3c00b08f75
:107da8004800bd270800e00300000000e0ffbd27f1
:107db8001c00bfaf1800beaf21f0a00388bf033c72
:107dc80060606294c47b027c606062a40400042446
:107dd800fa000524bc52400f0000000004000424ef
:107de800a452400f000000001000c2a304000424a5
:107df800ff000524bc52400f0000000004000424ca
:107e0800a452400f000000001100c2a30400042483
:107e1800ff000524bc52400f0000000004000424a9
:107e2800a452400f000000001200c2a388bf033c08
:107e38006060629401000424c47b827c606062a458
:107e48001100c293001a02001200c29325106200aa
:107e58001400c2af1400c28f21e8c0031c00bf8ffa
:107e68001800be8f2000bd270800e00300000000b6
:107e7800e0ffbd271c00bfaf1800beaf21f0a00374
:107e880088bf033c60606294c47b027c606062a42b
:107e980004000424f7000524bc52400f0000000031
:107ea80004000424a452400f000000001000c2a3e4
:107eb80004000424ff000524bc52400f0000000009
:107ec80004000424a452400f000000001100c2a3c3
:107ed80004000424ff000524bc52400f00000000e9
:107ee80004000424a452400f000000001200c2a3a2
:107ef80088bf033c6060629401000424c47b827cd8
:107f0800606062a41100c293001a02001200c293ba
:107f1800251062001400c2af1400c28f21e8c0030c
:107f28001c00bf8f1800be8f2000bd270800e0038b
:107f380000000000e0ffbd271c00bfaf1800beaf67
:107f480021f0a00388bf033c60606294c47b027c7c
:107f5800606062a404000424fd000524bc52400fa4
:107f68000000000004000424a452400f0000000098
:107f78001000c2a304000424ff000524bc52400fd3
:107f88000000000004000424a452400f0000000078
:107f98001100c2a304000424ff000524bc52400fb2
:107fa8000000000004000424a452400f0000000058
:107fb8001200c2a388bf033c6060629401000424dd
:107fc800c47b827c606062a41100c293001a020024
:107fd8001200c293251062001400c2af1400c28fb1
:107fe80021e8c0031c00bf8f1800be8f2000bd27ea
:107ff8000800e00300000000e8ffbd271400beaf42
:1080080021f0a0031800c4af1800c28fc3180200e3
:10801800a08082974010020023186200a280828705
:108028001800620012180000c31203000000c2af5b
:108038001800c28f03190200a080829723186200db
:108048001800c28f03210200a080829723108200ab
:108058001800620012100000031b0200a48082872f
:108068001800620012180000831303000400c2af56
:108078000000c38f0400c28f21106200a88082af65
:10808800a880838f21106000801002002110430017
:1080980080004224031202000800c2af0800c28f09
:1080a80021e8c0031400be8f1800bd270800e003b4
:1080b8000000000060ffbd279c00bfaf9800beaf66
:1080c8009400b7af9000b6af8c00b5af8800b4afde
:1080d8008400b3af8000b2af7c00b1af7800b0af1e
:1080e80021f0a003a000c4afa880828f21404000e7
:1080f800c317020021484000feff023c000c423436
:10810800ffff0324212002012b30880021282301ae
:108118002110c500212840001000c4af1400c5afcd
:108128001400c38f1000c28f022062701400c38f26
:108138001000c28f18006200121000002130820067
:108148001000c38f1000c28f1900620012200000b7
:10815800102800002110c5002128400000a0023c82
:10816800b00042240a00428421504000c317020094
:10817800215840000210aa7018006401121800006b
:108188002130430019008a00121000001018000066
:108198002120c300211880001800c2af1c00c3af03
:1081a8001800c2af1c00c3af00a0023cb0004224bc
:1081b8000800428421604000c31702002168400083
:1081c8001000c28f02184d701400c28f18004c00a6
:1081d80012100000212062001000c28f19004c000c
:1081e80012100000101800002120830021188000c0
:1081f800c2230200407c030025788f0040740200ef
:108208001800c28f1c00c38f21204e002b30820023
:1082180021286f002110c500212840001800c4af94
:108228001c00c5af00a0023cb000422406004284f6
:108238002800c2afc31702002c00c2af2800c28fab
:10824800c01002003400c2af3000c0af1800c28fa7
:108258001c00c38f3000c68f212046002b308200bf
:108268003400c78f212867002110c500212840004d
:108278001800c4af1c00c5af1400c38f1000c28f14
:10828800022062701400c38f1000c28f18006200b1
:1082980012100000213082001000c38f1000c28f1e
:1082a8001900620012200000102800002110c500eb
:1082b8002128400000a0023cb0004224040042846f
:1082c8003800c2afc31702003c00c2af3800c38fea
:1082d8000210a3703c00c68f1800c40012380000ba
:1082e800213047003800c78f19008700121000009e
:1082f800101800002120c300211880000026030068
:1083080002b2020025b0960003ba030000a0023ca6
:10831800b0004224020042844000c2afc3170200ea
:108328004400c2af1000c28f4400c38f02104370d4
:108338001400c38f4000c48f180064001228000086
:10834800212045001000c28f4000c58f190045004c
:10835800121000001018000021208300211880004e
:1083680002250200003303004c00c6af4c00c78f43
:10837800252087004c00c4af002302004800c4af8a
:108388004800c58f2110c5022b2056004c00c68f0f
:108398002118e60221208300211880001000c2afb6
:1083a8001400c3af1000c48f1400c58f2130000023
:1083b80000800734211086002b4044002118a700b4
:1083c800212003012118800000a0043cb0008494ff
:1083d8005000c4af5400c0af5000c58f0220657074
:1083e8005400c68f1800c2001238000021208700f0
:1083f8005000c58f19004500121000001018000029
:108408002120830021188000432003001000c4affe
:10841800c31703001400c2af1000c28f1400c38f2b
:108428002510430004004014000000002110000043
:10843800b721400b000000001000033ca000c28fd1
:10844800231062002000c2afc31702002400c2af8d
:108458002000c28f421002002400c38fc0cf030047
:1084680025c859002000c28fc0c702001800c48f59
:108478001c00c58f231004032b3002032318250387
:108488002320660021188000350c04240220647023
:10849800212800001800450012280000212085002e
:1084a800350c0524190045001210000010180000b2
:1084b800212083002118800021204000212860000d
:1084c8001000c68f1400c78ff43e400f0000000054
:1084d8001300400011006000121000001018000086
:1084e8002000c2af2400c3af00a0023cb000422469
:1084f800100042845800c2afc31702005c00c2af2c
:108508002400c28fc01402002000c38f42a30300be
:1085180025a054002400c28f43ab02005c00c38f27
:10852800021074705800c48f1800a40212280000aa
:10853800212045005800c58f1900b4001210000012
:108548001018000021208300211880002400c48f07
:10855800c02404002000c58f429305002590920096
:108568002400c48f439b040002207270180062022a
:108578001228000021208500190052001210000066
:10858800101800002120830021188000c02103005a
:10859800422e02002520a4001000c4af4316030099
:1085a8001400c2af00a0023cb00042240e00428476
:1085b8006000c2afc31702006400c2af2000c28fc0
:1085c8006400c38f021043702400c38f6000c48fff
:1085d8001800640012280000212045002000c28fe6
:1085e8006000c58f19004500121000001018000027
:1085f800212083002118800040230300c22c0200a0
:108608002520a4001800c4afc31403001c00c2af87
:108618002000c48f2400c58f1000c68f1400c78f98
:10862800211086002b4044002118a70021200301b7
:108638002118800021204000212860001800c68fe2
:108648001c00c78f211086002b4044002118a7006a
:108658002120030121188000002603000282020065
:1086680025809000038a030000a0023cb000422449
:108678000c0042846800c2afc31702006c00c2af8e
:108688006800c68f021706006c00c78f0039070004
:108698007400c7af7400c38f251043007400c2afc5
:1086a8006800c48f002104007000c4af7000c58f3b
:1086b800211005022b2050007400c68f21182602b5
:1086c80021208300211880002000c2af2400c3affe
:1086d8002000c28f21e8c0039c00bf8f9800be8f86
:1086e8009400b78f9000b68f8c00b58f8800b48f38
:1086f8008400b38f8000b28f7c00b18f7800b08f78
:10870800a000bd270800e00300000000f0ffbd271f
:108718000c00beaf21f0a0031000c4afa880838f67
:10872800feff023c00d44234211062000000c2afb8
:108738001000c28f801b020000a0023ca40042244b
:1087480006004284001502002310620000a0033cca
:10875800a400632408006384212060000000c38f04
:108768001800830012180000231043000040422420
:10877800c31b020000a0023ca40042240a0042805d
:10878800212040000000c28f180082001210000053
:108798008322020000a0023ca4004224040042906c
:1087a800212840000000c28f1800a200121000000b
:1087b800c32a0200008002342110a200180082009f
:1087c80012100000832202002000023c21208200b7
:1087d80000a0023ca4004224020042841800820047
:1087e8001220000000208224831302001800620077
:1087f800121000000000c2af0000c28fc31b0200ad
:108808000000c28fc313020018006200122000008b
:10881800c319040000a0023ca400429018006200a2
:1088280012180000031103000000c38f2310620018
:108838000000c2af0000c38f0000c28f0000632891
:108848000b1003000000c2af0000c58f0000c38feb
:108858000019023c0019043c010084342a20a400b9
:108868000b1064000000c2af0000c28f03130200a7
:1088780021e8c0030c00be8f1000bd270800e003ec
:1088880000000000c0ffbd273c00bfaf3800beafee
:1088980021f0a0034000c4af4400c5af4800c6aff4
:1088a8006d1f400f000000001000c2af1000c28f03
:1088b80000110200212040000020400f00000000ad
:1088c8001400c2af9e1f400f000000001800c2af86
:1088d8001800c28f00110200212040002f20400ff5
:1088e800000000001c00c2afcf1f400f00000000b6
:1088f8002000c2af2000c48fc521400f0000000037
:108908002400c2af1400c48fd452400f00000000ee
:1089180021184000019d023c21206000d055458c63
:10892800c949400f000000002800c2af1c00c48fd6
:108938002c53400f0000000021184000019d023c0c
:1089480021206000d455458cc949400f0000000023
:108958002c00c2af019d023c2c00c48fd055458c21
:10896800c949400f000000002c00c2af2400c48f8a
:108978002c53400f0000000021184000019d023ccc
:1089880021206000d855458cc949400f00000000df
:108998003000c2af4000c28f2800c38f000043ac34
:1089a8004400c28f2c00c38f000043ac4800c28f24
:1089b8003000c38f000043ac21e8c0033c00bf8fe8
:1089c8003800be8f4000bd270800e003000000000b
:020000040000fa
:020000041d00dd
:1089d80088fbbd277404bfaf7004beaf6c04b7af8b
:1089e8006804b6af6404b5af6004b4af5c04b3af59
:1089f8005804b2af5404b1af5004b0af2180e000c6
:108a0800f07f023c2418e2007804a4af2188c0005b
:108a18009004b58f9404a497840062103c04a4af1a
:108a2800ffff0224a100a2122800a22a0900401474
:108a38004804a0af8804a38f4429037c470002247c
:108a4800410262103c04a48fd9ffb5264804b5af93
:108a5800270015241900a0a33004a0af6e0000065b
:108a68004c04a0af2120200221280002504d400fc5
:108a78002804a6274004a2af4404a3af2804b08f5b
:108a88002c04b18f21300000213800002120000281
:108a9800054d400f21282002b00240101802a327dc
:108aa800019d163ce846d78eec46d68e1702b227b3
:108ab8000100142421f0e0022198c0022130e002d4
:108ac8002138c00221200002c63d400f2128200283
:108ad8002120400021286000504d400f2804a6277f
:108ae800019d043cf84684240000868c0400878c91
:108af80021204000212860002004a2af5242400fec
:108b08002404a3af21204000212860002130c003a5
:108b1800c147400f2138600221204000dc50400f3f
:108b2800212860002804b08f2c04b18f3000422423
:108b380021300000213800002120000221282002d5
:108b48003804b2af010042a23004b4afffff52268e
:108b5800054d400f01009426d9ff40142130e00252
:108b68008804a48fbbff82242300432c21016010ba
:108b780080100200019d033c948b63242110620045
:108b88000000428c0800400000000000d48c009dca
:108b98003c8d009d048f009dfc8f009dfc8f009de7
:108ba800fc8f009dfc8f009dfc8f009dfc8f009d1d
:108bb800fc8f009dfc8f009dfc8f009dfc8f009d0d
:108bc800fc8f009dfc8f009dfc8f009dfc8f009dfd
:108bd800fc8f009dfc8f009dfc8f009dfc8f009ded
:108be800fc8f009dfc8f009dfc8f009dfc8f009ddd
:108bf800fc8f009dfc8f009dfc8f009dfc8f009dcd
:108c0800fc8f009dfc8f009dfc8f009dd48c009de7
:108c18003c8d009d048f009d0080023c268002024e
:108c28002d0005249b22400b4c04a5af2120c00039
:108c38002128e00021302002054d400f2138000294
:108c48001c014014212020022128000221300000ac
:108c5800054d400f21380000420240043c04a38f18
:108c68001000a3af7804a48f019d053c9446a52469
:108c780004000624674c400f8c04a78f7404bf8f30
:108c88007004be8f6c04b78f6804b68f6404b58f08
:108c98006004b48f5c04b38f5804b28f5404b18f4e
:108ca8005004b08f0800e0037804bd274804a0af43
:108cb800060015241900a0a33004a0af69ff01061f
:108cc8004c04a0af0923400b0080023c3004b68f4f
:108cd80021a000001101c0124004a48f3804a58f00
:108ce8000100a3800100a2240402a0161a00a3a375
:108cf8003c04a48f00088330550260101b00b12784
:108d08002e0003241b00a3a31c00b1271902a427cb
:108d1800010043242b206400770280540100428024
:108d280021a800001a00b027ffffd6267624400ba2
:108d38003004b6af3004a28f9501401030000224f1
:108d48003804a38f010062241902a4272b184400b9
:108d5800cb0260101a00b1272118200200004580bc
:108d68000100632401004224fcff4414ffff65a0b6
:108d78003804a38f23a0a3031802942621a0340249
:108d88008701a0123c04a48f4004a48f4404a58f3b
:108d98002130000021380000010090262e00022416
:108da800054d400f000082a221004010ffffa326be
:108db800019d163cec46d78ee846d68e2004be2789
:108dc8002130c0022138e0024004a48fc147400f7f
:108dd8004404a58f2120400021286000504d400ff9
:108de8002130c0034004a2af4404a3af2004a48fe1
:108df8002404a58f01001026dc50400fffffb52684
:108e080030004224ffff02a24004a48f4404a58f2f
:108e1800213000006b01a01221380000054d400fe1
:108e280000000000e7ff40142130c002ffffa32626
:108e380001006324211803023000022401001026d7
:108e4800feff0316ffff02a2238011021900a4836c
:108e58001900a2271a00a3270a1064004c04a48f43
:108e68006d008014ffff53243c04a58f0200a3303b
:108e7800a20060503c04a48fffff53242b0003245e
:108e8800ffff43a0010010263c04a58f0800b23064
:108e9800ffff52324804a28f670040122188020265
:108ea80021206002212800027052400f7804a68f0a
:108eb800ffff10246f0050104804a38f8700601430
:108ec8007804a48f6c0040128c04a38f8c04a48fa8
:108ed8002a102402690040102a1023027804a48f63
:108ee8008c04a28f23285100019d063c8e50400f10
:108ef800c446c6242024400b8c04a38f3004b48fae
:108f0800010002240aa855002a10b4021301405493
:108f1800ffffb5269d0180163804a38f4004a48f57
:108f28004404a58f21300000054d400f2138000072
:108f38000a00401030000224019d023c0047468c84
:108f48000447478c4004a48f054d400f4404a58f67
:108f580002014204ffffb526300002241a00a2a332
:108f68001b00b6271a00b127c201a0123c04a58f26
:108f78000008a2304004a48f4404a58f21300000cb
:108f880021380000ffff42303804a2af0100d0268c
:108f98002e000224054d400f0000c2a2e6014054f5
:108fa800019d163c3804a48fab01801421201502c2
:108fb8002b1030023602401030000224ffff0482da
:108fc80007008214ffff032605007150000064802b
:108fd800ffff632400006480fbff82100000000094
:108fe8002e00022401008254010063240024400b57
:108ff80023807100218000001900a4831900a22792
:109008001a00a3270a1064004c04a48f97ff80104d
:109018003c04a58fffff5324ffff44a00100102646
:109028003c04a58f0800b230ffff52324804a28fdb
:109038009bff4016218802028c04a38f2a1023026a
:1090480098ff4050212060023c04a48f0400823025
:10905800c80040107804a48f23287100019d063ca5
:109068008e50400fa446c624ffff03248dff4314ef
:10907800212060028c04a38f2a1023020a182202de
:10908800211060007404bf8f7004be8f6c04b78f0a
:109098006804b68f6404b58f6004b48f5c04b38f22
:1090a8005804b28f5404b18f5004b08f0800e00305
:1090b8007804bd273c04a58f1000a5af7804a48fc1
:1090c800019d053c8846a52403000624674c400ff3
:1090d8008c04a78f2223400b7404bf8f4804a58fec
:1090e800019d063c8e50400fa446c62475ff5014bf
:1090f8008c04a38f2124400b2a1023020100833003
:10910800c7ff601021984000ffff5324200003246c
:10911800ffff43a00a24400b010010264404a58f3a
:1091280021300000054d400f21380000e3004010b9
:1091380030000224019d163cec46d78ee846d68eb8
:10914800ffff02243004a2af5824400b2004be279e
:10915800ffff42243004a2af2130c0022138e002d0
:109168004004a48fc147400f4404a58f212040002c
:1091780021286000504d400f2130c0034004a2afa9
:109188004404a3af2004b08f2404b18f2130000021
:109198002138000021200002054d400f212820021f
:1091a800ebff40103004a28f21200002dc50400f5a
:1091b80021282002300042241801a0121a00a2a37c
:1091c8002e0002241b00a2a31c00b1271a00b027fe
:1091d8004004a48f4404a58f21300000054d400fa2
:1091e80021380000aa0040503004b68f8100a056f4
:1091f800019d163cffff22261000a2af1400a0af6d
:109208004004a48f4404a58f3004a6276d4b400f5b
:1092180021380002218040003004a88f211020024c
:10922800160080128804a58f3c04a48f00088330a0
:10923800120060142b1802020b00605000004380db
:10924800ffff43803000042407006414ffff42241a
:109258000500505000004380ffff42240000438077
:10926800fbff6410000000002e0063380100632c2f
:1092780023104300010042248804a58f58000005ec
:10928800000045a0020049242b000324010043a04c
:109298000a00022926004054300008251c04a6278d
:1092a8002118c0006666073c6766e72418000701b6
:1092b80010100000c3270800ffff6324831002007a
:1092c8002310440040280200c02002002120a400ee
:1092d8002320040121404000300084240a00422851
:1092e800f2ff4010000064a0ffff62243000082550
:1092f8002044087c2b2046005e018010ffff68a0f8
:10930800c524400b2120200100004880010084244e
:1093180001004224fcff4614ffff88a01d04b1276a
:1093280023182302218823010024400b23803002c4
:1093380030000224000022a102003125010028a1ea
:109348000024400b2380300200088230bffd4054c7
:10935800d9ffb5269722400b270015248804a28f31
:10936800feff42248804a2af21b080023723400bbd
:10937800010014248c04a28f23285100019d063c6f
:109388008e50400fc446c6241d24400bffff032403
:109398001a00a2a31b00b4276223400b1a00b127ae
:1093a800000882308d0040104004a48f4404a58f2b
:1093b8002130000021380000010090262e000224f0
:1093c800000082a2054d400f000000008a004014f2
:1093d800ffff0226211020020024400b23800202f6
:1093e80023400800020049242d000324a624400b32
:1093f800010043a0ec46d78ee846d68e0a25400bde
:109408002004be274004a48f4404a58f2130000007
:10941800054d400f21380000b50040503004b68f8c
:109428002130c0022138e0024004a48fc147400f18
:109438004404a58f2120400021286000504d400f92
:109448002130c0034004a2af4404a3af2004a48f7a
:109458002404a58f01003126dc50400fffffb526fc
:1094680030004224e7ffa016ffff22a24004a48f89
:109478004404a58f21300000054d400f213800001d
:109488005cff40143004a88f8a24400b211020026e
:10949800ffffa2260a01a0122140c00201004224b7
:1094a800211022023000032401003126feff22167b
:1094b800ffff23a28a24400b2140c0020900a01606
:1094c8001a00a2a33c04a58f0008a230060040544d
:1094d8002e000224ffff02241b00b1272725400b82
:1094e8001a00b0272e0002241b00a2a3ffffa22609
:1094f8001c00b1272725400b1a00b0273804a38f7a
:10950800020062241902a4272b1844002e00052407
:109518000d0060101b00a5a34d25400b1d00a327bf
:109528000100422409004410010063240000458022
:10953800ffffb52621886000f9ffa016ffff65a090
:109548004723400b010043241c00b1271a00b02711
:10955800ffffd6267624400b3004b6afda22400b44
:109568003804a3af3c04a28f1000a2af7804a48fe4
:10957800019d053c8c46a52404000624674c400f39
:109588008c04a78f2223400b7404bf8f0100622430
:109598001902a4272b184400bb0060101a00b12739
:1095a80021182002000045800100632401004224a4
:1095b800fcff4414ffff65a03804a48f0200832435
:1095c800271002001a02b62723b0c302211843004d
:1095d80021b03602dc23400b21a875004404a58f76
:1095e80021300000054d400f2138000079ff401060
:1095f80021808002ffff02261000a2af1400a0af56
:109608004004a48f4404a58f213000006d4b400f07
:10961800213820020024400b238002023c04a48f3e
:1096280000088230e7fe40142e0002244004a48f74
:109638004404a58f21300000054d400f213800005b
:10964800a10040101b00b1271d25400b1a00b027b0
:109658004623400b1902a427fbfda0123000032467
:1096680001001026feff0416ffff03a29523400bfe
:10967800238011020008b430ffff94328700801263
:109688003804b4af4004a48f4404a58f21300000ef
:10969800213800000100d0262e000224054d400f7d
:1096a8000000c2a240fe40103804a48f0100162416
:1096b800ffff02261000a2af1400a0af4004a48f41
:1096c8004404a58f213000006d4b400f2138200243
:1096d800218840003804a38fdfff60142120150281
:1096e80034fec0162b1030029523400b2380110244
:1096f8002925400bffffa226ffff23261000a3af5a
:109708001400a2af21200000212800003004a62761
:109718006d4b400f1a00a727218040003004b68ff8
:1097280021a800004004a0af4404a0afffffd62644
:109738007624400b3004b6afd425400b2004be2756
:109748001e008056ffffb526019d023ce8464224d4
:109758000000468c0400478c4004a48fc147400f8a
:109768004404a58f2120400021286000504d400f5f
:109778002130c0034004a2af4404a3af2004b28f39
:109788002404b38f0100102621204002dc50400f32
:109798002128600230004224212040022128600252
:1097a8002130000021380000054d400fffff02a2c4
:1097b800e3ff401000000000ffffb5262400a012c0
:1097c8004004a48f4404a58f21300000054d400fac
:1097d800213800001f0040104004a48fec46d78eab
:1097e8000326400be846d68e4004a48f4404a58f78
:1097f80021300000054d400f21380000eafd4010df
:109808003804a48f2130c0022138e0024004a48f1c
:10981800c147400f4404a58f212040002128600043
:10982800504d400f2130c0034004a2af4404a3af01
:109838002004a48f2404a58f01001026dc50400fbb
:10984800ffffb52630004224e7ffa016ffff02a263
:109858004004a48f4404a58f21300000054d400f1b
:10986800213800009bff401001001624af25400b53
:10987800ffff0226218820010024400b23803002ac
:109888006223400b21a02002dc23400b21b02002e0
:1098980000000482fa23400b211800024004a48f20
:1098a8004404a58f21300000054d400f21380000e9
:1098b80065fd40102180c002ae25400b21b000009c
:1098c8008a24400b211020023004a88f1b00a227f5
:0898d8008a24400b1a00b0279e
:020000040000fa
:020000041d00dd
:1098e00078fdbd278402bfaf8002beaf7c02b3af5c
:1098f0007802b2af7402b1af7002b0af21f0a00332
:1099000081bf033c00f26290c418027c00f262a0a6
:1099100001000224408082af8800c0a78a00c0a74f
:10992000c404023c00b442344400c2af0500022427
:109930004800c2afa055400f000000004c00c2af6d
:1099400088bf023c40000324042043ac4800c28f7f
:10995000010042301d004010000000004400c28f92
:109960005000c2af5400c0af6426400b000000009e
:109970005400c28f010042245400c2af5000c38f74
:1099800036fe023c803c4234211062005000c2afdf
:109990005000c38fc901023c81c342342b106200c6
:1099a000f3ff401000000000a055400f0000000031
:1099b0005800c2af88bf023c5400c38f004043ac84
:1099c0005800c48f3155400f000000004800c28f7e
:1099d0000200423065004010000000004400c28fc9
:1099e0005c00c2af5c00c28f6000c2af5c00c38f7e
:1099f000c404023c01b442342b106200080040143d
:109a0000000000000800023c6400c2af6000c28f8a
:109a1000421002006000c2af8926400b0000000027
:109a20006400c0af6400c28f6800c2afa055400f91
:109a3000000000006c00c2af88bf023c0030428cc6
:109a40000003427cff0042307000c2af7000c28f42
:109a5000090040140000000088bf023c00100324ed
:109a6000083043ac88bf023c0030428c00084230d2
:109a7000fcff4014000000007000c28f7400c2aff1
:109a800081bf023c30f240ac81bf023c99aa033c4a
:109a90005566633430f243ac81bf023c6655033ceb
:109aa000aa99633430f243ac81bf023c00f0428c8f
:109ab0006802c2af6802c28fc4a4027c6802c2af4f
:109ac0006802c38f6800c28f251062006802c2afaf
:109ad0006802c38f81bf023c00f043ac81bf023cef
:109ae00000f0428c6802c2af81bf023c3333033cba
:109af0003333633430f243ac7400c28f7800c2afaa
:109b00007800c28f130040100000000088bf023ca4
:109b10000030428c0003427cff0042307c00c2af28
:109b20007c00c28f0e0040140000000088bf023c81
:109b300000100324083043ac88bf023c0030428c44
:109b400000084230fcff401400000000d826400b03
:109b50000000000088bf023c00100324043043ac26
:109b60006c00c48f3155400f000000004800c28fc8
:109b7000040042300c0040100000000088bf023c8e
:109b80000040428c8000c2af8000c28f300042345f
:109b90008000c2af88bf023c8000c38f004043ac4e
:109ba0006055400f000000004400c28f8400c2af27
:109bb00081bf023c00f0428cc00c427cff0042306e
:109bc0008400c38f061043008400c2af4c00c48fd2
:109bd0003155400f0000000080bf023c30000324dc
:109be000000643ac80bf023c100640ac80bf023c84
:109bf00038010324200643ac80bf023c00800334bc
:109c0000080643ac88bf023c10000324341043ac68
:109c100088bf023c1c000324a41043ac88bf023c54
:109c200008000324a81043ac88bf023c03000324af
:109c3000a41043ac88bf023ca81040ac88bf023cd3
:109c400010000324641043ac88bf023c10000324be
:109c5000681043ac1d38400f0000000021200000b8
:109c60007d54400f000000009e55400f0000000092
:109c700000a0023cd414442490010524a82e400fd7
:109c800000000000688082af040004242001052445
:109c900008000624184c400f0000000004000424b3
:109ca000070005242955400f00000000020004248d
:109cb0002001052408000624184c400f0000000075
:109cc000eb38400f000000009d34400f0000000002
:109cd00064000424a838400f000000001a1e400f42
:109ce0000000000064000424a838400f00000000b9
:109cf000711e400f000000006d1f400f00000000ab
:109d00002800c2af2800c28f0011020021204000ad
:109d10000020400f000000002c00c2af2c00c48fb8
:109d2000d452400f0000000021184000019d023c69
:109d3000212060005430458cc949400f00000000cc
:109d40008c00c2af8c00c28f212040001150400f08
:109d500000000000019d043c142f842421304000a9
:109d6000213860000954400f000000009e1f400f82
:109d7000000000003000c2af3000c28f00110200ae
:109d8000212040002f20400f000000003400c2af0f
:109d90003400c48f2c53400f0000000021184000f5
:109da000019d023c212060005830458cc949400f7c
:109db000000000009000c2af9000c38f019d023ce4
:109dc000212060005430458cc949400f000000003c
:109dd000212040001150400f00000000019d043c74
:109de0002c2f842421304000213860000954400f7a
:109df00000000000cf1f400f000000003800c2af7d
:109e00003800c48fc521400f000000003c00c2afe5
:109e10003c00c48f2c53400f00000000211840006c
:109e2000019d023c212060005c30458cc949400ff7
:109e3000000000009400c2af9400c28f21204000b7
:109e40001150400f00000000019d043c442f842469
:109e500021304000213860000954400f000000000c
:109e60000702400f000000001000a0af21200000fa
:109e700021280000e001062440010724e90a400fe0
:109e800000000000ffff043421280000dd14400f13
:109e900000000000010004248010400f00000000ba
:109ea000019d023c1c02c4270830432424000224e4
:109eb00021286000213040005c43400f000000007a
:109ec000019d023c2c304324030063882130600054
:109ed0002c3046982c3043240700648821288000c9
:109ee000040065982c3043240b00648808006498b3
:109ef0002c3043240f0067882140e0000c00689854
:109f0000211800014002c6af4402c5af4802c4afe9
:109f10004c02c3af2c304224100042945002c2a71e
:109f2000019d023c403043240300638821306000df
:109f30004030469840304324070064882128800040
:109f400004006598403043240b006488080064983e
:109f5000403043240f0067882140e0000c006898df
:109f6000211800015402c6af5802c5af5c02c4af4d
:109f70006002c3af40304224100042946402c2a782
:109f8000ac8080af2328400b00000000ac80828fa3
:109f9000401102002800c32721106200d80040a40d
:109fa000ac80828f401102002800c327211062007c
:109fb000da0040a4ac80828f401102002800c32741
:109fc0002110620004000324e10043a0ac80828fd2
:109fd000fc00c3274011020021206200ac80828f68
:109fe000401002002800c32721106200180242948a
:109ff000201e027cac80828f401002002800c52702
:10a000002110a2002c0242942016027cac80858f85
:10a01000802805001c02c6272128c5000000a58c49
:10a02000320006241000a6afffff06341400a6afce
:10a030001f0006241800a6afffff06341c00a6afc1
:10a040002000a5af020005242400a5af2128600050
:10a0500021304000500007243100400f0000000074
:10a06000ac80828ffc00c3274011020021106200e7
:10a0700021204000212800006100400f0000000066
:10a08000ac80828f01004224ac8082afac80828f92
:10a090000900422cbdff401400000000050002240e
:10a0a0001000a2af0f7802241400a2af1400042401
:10a0b00014000524ae0106241e000724750d400f70
:10a0c000000000008c00c28f212040001150400f82
:10a0d0000000000021804000218860009000c38fb4
:10a0e000019d023c212060005430458cc949400f3d
:10a0f00000000000212040001150400f000000002f
:10a1000021904000219860009400c28f21204000df
:10a110001150400f000000009800c4271000b2af9b
:10a120001400b3af1800a2af1c00a3af019d023c06
:10a130005c2f452421300002213820025552400f67
:10a1400000000000ffff04340f780524dd14400fe9
:10a1500000000000010004248010400f00000000f7
:10a16000212000009017400f000000009800c22737
:10a17000212040001e0005241e0006240912400f65
:10a18000000000008800c3278a00c2272120600049
:10a1900021284000f00f0624151a400f000000008f
:10a1a0002b1002004000c2a3ac8080af9328400b6c
:10a1b000000000004000c2931900401000000000a1
:10a1c000ac80828ffc00c327401102002120620076
:10a1d0008800c297201e027c8a00c2972016027c4b
:10a1e00021286000213040000c01400f00000000d9
:10a1f0000b00401000000000ac80828ffc00c327e1
:10a2000040110200211062002120400001000524bd
:10a210003f01400f000000009028400b00000000ac
:10a22000ac80828ffc00c327401102002110620025
:10a2300021204000212800003f01400f00000000c5
:10a24000ac80828f01004224ac8082afac80828fd0
:10a250000900422cd7ff401400000000ac8080af02
:10a260003529400b00000000ac80828ffc00c32722
:10a270004011020021106200212040007501400fb2
:10a28000000000000900401000000000ac80828f38
:10a29000fc00c32740110200211062002120400071
:10a2a000212800006100400f00000000ac80828f78
:10a2b000fc00c32740110200211062002120400051
:10a2c0005c01400f000000007f0040100000000013
:10a2d000ac80828ffc00c327401102002110620075
:10a2e00021204000010005246100400f0000000013
:10a2f000ac80828f04004014000000003100042470
:10a30000b135400f00000000ac80838f01000224b3
:10a310003d006214000000008c00c4279000c32799
:10a320009400c22721286000213040002322400fe2
:10a33000000000008c00c28f212040001150400f0f
:10a340000000000021804000218860009000c28f42
:10a35000212040001150400f0000000021904000db
:10a36000219860009400c28f212040001150400fbe
:10a37000000000009800c4271000b2af1400b3af73
:10a380001800a2af1c00a3af019d023c942f4524ee
:10a3900021300002213820025552400f00000000f9
:10a3a000ffff04340f780524dd14400f0000000087
:10a3b000010004248010400f000000002120000054
:10a3c0009017400f00000000050002241000a2af0b
:10a3d0000f7802241400a2af1400042414000524f2
:10a3e000ae0106241e000724750d400f000000007a
:10a3f0009800c227212040001e0005241e000624cc
:10a400000912400f00000000ac80838f020002247c
:10a41000040062140000000030000424b135400f35
:10a4200000000000ac80838f03000224040062144b
:10a43000000000000a000424f935400f000000006d
:10a44000ac80838f0400022404006214000000002a
:10a4500007000424f935400f00000000ac80838f12
:10a460000500022404006214000000000900042416
:10a47000f935400f00000000ac80838f06000224f5
:10a4800004006214000000005d000424b135400f98
:10a4900000000000ac80838f0700022403006214d8
:10a4a000000000001535400f00000000ac80838fd5
:10a4b0000800022404006214000000006b00042461
:10a4c000b135400f00000000ac80828f01004224b3
:10a4d000ac8082afac80828f0900422c62ff4014b6
:10a4e0000000000032000424a838400f00000000e3
:08a4f0006128400b0000000090
:020000040000fa
:020000041d00dd
:10a4f80058ffbd27a400bfafa000beaf9c00b7aff8
:10a508009800b6af9400b5af9000b4af8c00b3af6d
:10a518008800b2af8400b1af8000b0afa800a4af8c
:10a528001800828c2188a000010005241000428cac
:10a5380009f84000b000a6afef0040106000a22765
:10a548006c00a0af6800a2af000024820d0080104c
:10a5580001003026250002241c00825001002582bb
:10a56800e64f400fa800a58f6c00a38f010063245d
:10a578006c00a3af2188000200002482f5ff80143c
:10a5880001003026a800a48f1000829440004230b9
:10a59800da004014ffff02246c00a28fa400bf8fd2
:10a5a800a000be8f9c00b78f9800b68f9400b58f1f
:10a5b8009000b48f8c00b38f8800b28f8400b18f65
:10a5c8008000b08f0800e003a800bd27be00a410db
:10a5d80021b800002d0002242b00032420000424ad
:10a5e800230006240e00a210300007241000a350f8
:10a5f8000200f7361100a4500100f7361200a650e9
:10a608000008f7361300a7542a0002240400f7367e
:10a618000100102600000582f4ffa21400000000cb
:10a628000800f736010010268829400b0000058233
:10a63800010010268829400b000005820100102621
:10a648008829400b00000582010010268829400b4c
:10a65800000005826200a21021180002d0ffa22487
:10a668000a00422c0b00401021b0000040101600d8
:10a67800c040160021404800010010262140050175
:10a6880000000582d0ffa2240a00422cf7ff4014e4
:10a69800d0ff16252e0002245d00a210ffff1e2405
:10a6a800680002247000a250010002826c0002249b
:10a6b8007e00a210710002248b00a2104c0002241c
:10a6c800c001a250010005820200e332feffe2321f
:10a6d8000bb84300bcffa2240800e632fbffe432bb
:10a6e8003500432c010011266e0060100bb886005f
:10a6f80080100200019d043c14a7842421108200cc
:10a708000000428c080040000000000040ac009da2
:10a7180034ac009d14ac009db4ab009daca8009d6a
:10a72800aca8009daca8009daca8009daca8009d5d
:10a73800aca8009daca8009d40ad009da4ab009db9
:10a74800aca8009daca8009daca8009daca8009d3d
:10a7580048ab009daca8009daca8009d34a9009d05
:10a76800aca8009daca8009daca8009daca8009d1d
:10a77800aca8009daca8009daca8009daca8009d0d
:10a78800aca8009daca8009d54ac009d44ac009db5
:10a7980038ac009d18ac009db8ab009daca8009dde
:10a7a80044ac009daca8009daca8009daca8009d41
:10a7b800aca8009d04ad009dfcac009da8ab009d1d
:10a7c800aca8009daca8009d88ac009daca8009ddd
:10a7d8004cab009daca8009daca8009d38a9009d7d
:10a7e800b000a28f0000568c0400552401001026ea
:10a7f8000300c106010065800800f73623b0160083
:10a80800b000b5af2e000224a5ffa214ffff1e243e
:10a81800010005822a0002248001a210d0ffa22490
:10a828000a00422c010010269dff401021f0000074
:10a8380040101e00c0481e00214849000100102693
:10a848002148250100000582d0ffa2240a00422cdd
:10a85800f7ff4014d0ff3e256800022494ffa2149d
:10a868006c00022401000282760145500200058234
:10a878004000f73621284000010010260200e3328c
:10a88800feffe2320bb84300bcffa2240800e63208
:10a89800fbffe4323500432c0100112694ff6014bd
:10a8a8000bb88600ad2a400b21100000010002827f
:10a8b80081014550020005821000f736212840002a
:10a8c800212a400b0100102625000424e64f400fe2
:10a8d800a800a58f020031266c00a48f01008424f3
:10a8e8005429400b6c00a4af010005820080f736a4
:10a8f800b429400b01001026ffff0224a400bf8fdb
:10a90800a000be8f9c00b78f9800b68f9400b58fbb
:10a918009000b48f8c00b38f8800b28f8400b18f01
:10a928008000b08f0800e003a800bd272000f7369c
:10a9380010001024ffff02248700c2132128000002
:10a94800fbfff732ffffc527c000e2328600401048
:10a958007400a2af2016177c450140041000e232b3
:10a968001b0140104100e232b000a28f0000558c5c
:10a9780004004224c3a7150050008006b000a2af0f
:10a988007c00a0af55008012000000002510b40222
:10a99800760140105f00a2277800a2af2000e332c2
:10a9a80037000424c3971000219840005700022460
:10a9b8000a2043007000a4af2120a00221288002b1
:10a9c800213000022140400f213840020a0043286c
:10a9d800300046247000a48f211044000a30430040
:10a9e800ffff73262120a00221288002010066a211
:10a9f800213000023a41400f2138400225206200f0
:10aa080021a8400021a06000ebff8014ffffde2793
:10aa1800ffffc5270a00a00421106002ffff64267b
:10aa28002320850030000324000043a0ffff4224b8
:10aa3800feff4454000043a0272805002198650222
:10aa48000400e232bf0040140008e432ffff843003
:10aa5800070080507400a38f08000224fd00021232
:10aa680010000224180102122000e4327400a38f9f
:10aa7800070060107c00a48fce0080140200e23230
:10aa8800030040102b000224000062a2ffff73267f
:10aa9800010065261000b7afa800a48f6800a28f38
:10aaa80023304500674c400f2138c0026c00a38f4b
:10aab800211862005429400b6c00a3af23681500cd
:10aac8002b100d002360140021a8a00123a08201ef
:10aad80001000224adff80167c00a2af3201a01253
:10aae8002168a0025f00a4277800a4af2000e33209
:10aaf8003700052421988000570002240a284300c3
:10ab08001b00b001f401000210180000ffff7326bb
:10ab1800ffffde271b00b001f401000212680000ed
:10ab28000a00642830006224211865000a106400b5
:10ab3800f3ffa015010062a2872a400bffffc5277b
:10ab48001000f736fff7f732ffff02247cffc21729
:10ab58000a0010242128000001001e24c000e2324f
:10ab68007cff40147400a2af2016177cca00400472
:10ab7800b000a38f1000e2329f0040504100e23243
:10ab8800b000a28f0000558c21a0000004004224d0
:10ab9800b000a2af632a400b7c00a0af2000f736bc
:10aba8001008f7364f2a400b100010242000f73603
:10abb8000002ea36800042311a004010b000a48f2b
:10abc800b000a38f070075240410157c0000a28e26
:10abd8000400a38e0800b526b000b5af6000a2af90
:10abe8006400a3af6000a68f6400a78f1000a5af14
:10abf8001400b6af1800beaf1c00aaaf7622400ff3
:10ac0800a800a48fae2a400b6c00a38f2000f73653
:10ac18000004ea3680004231eaff4054b000a38fb6
:10ac2800b000a48ff42a400b070095242000f736c3
:10ac3800ef2a400b0001ea361000f736fff7ea3238
:10ac4800c00057354f2a400b0a001024b000a38fcc
:10ac58000000628c040075241000b7afa800a48f10
:10ac68002000a527010006242138c0022000a2a345
:10ac7800674c400fb000b5afae2a400b6c00a38ff5
:10ac8800b000a48f0000908c019d033c9c46622478
:10ac98000a805000ffff0224a000c213040095247c
:10aca800d100c01b21481e02000003820500601469
:10acb80021100002372b400b2110000005006050c6
:10acc8002310500001004224fcff49540000438037
:10acd800231050001000b7afa800a48f212800024d
:10ace80021304000674c400f2138c002ad2a400b8c
:10acf800b000b5af4f2a400b080010242016177c6f
:10ad08008a004004b000a48f1000e2329b0040503b
:10ad18004000e232b000a28f0000438c21100000f6
:10ad2800b000a48f04008424b000a4af6c00a48fea
:10ad3800ad2a400b000064ac1000f7364f2a400bd8
:10ad4800080010247800a28f23186202ffff8430c5
:10ad5800060080102118c302080002247e00021297
:10ad6800feff62241000053a0a1845007400a28ffd
:10ad7800060040107c00a28f04004054ffff6324ab
:10ad88000300e23201004054ffff632430ff6018e3
:10ad9800211060022358630230000324000043a0fe
:10ada800ffff4224feff6255000043a0962a400b95
:10adb800219860012d000224000062a2a62a400bff
:10adc800ffff73268000f736212a400b010010266a
:10add80045004010b000a48fb000a38f0000758c10
:10ade80004006324c3a71500e5fe8106b000a3afe5
:10adf800b22a400b2368150042004010b000a48f0f
:10ae0800b000a38f0000758c21a00000040063240b
:10ae1800b000a3af632a400b7c00a0afb000a38fa3
:10ae280000007e8c040075240200022602000582c0
:10ae3800b000b5af1afec10721804000aa29400b17
:10ae4800ffff1e240100f73601001026212a400bbf
:10ae580001001026010063823000022404ff621002
:10ae68007400a38f000062a29d2a400bffff732687
:10ae7800b000a38f070062240410027c0800442459
:10ae8800b000a4af0400548cbdfe81060000558cb0
:10ae9800b22a400b23681500070062240410027cc4
:10aea80008004424b000a4af0000558c0400548c62
:10aeb800632a400b7c00a0af0080f7360100102603
:10aec800212a400b01001026580002247800032490
:10aed8000a106400000062a230000224ffff62a290
:10aee8009d2a400bfeff73260000958c04008424e5
:10aef800c3a71500a2fe8106b000a4afb22a400b7a
:10af0800236815000000958c21a00000040084240b
:10af1800b000a4af632a400b7c00a0afba4a400f30
:10af280021200002382b400b1000b7af0000828ca4
:10af38006c00a48fc31f0400b000a48f04008424f5
:10af4800b000a4af6c00a48f000044ac040043ac74
:10af5800ad2a400b21100000010062823000423807
:10af68002b1002005d2b400b231862005f00a32703
:10af78007800a3af872a400b219860000e0040108c
:10af88000100ea32b000a28f0000438c21100000bb
:10af9800b000a48f04008424b000a4af6c00a48f78
:10afa800ad2a400b000064a45f00a2277800a2af7e
:10afb800872a400b21984000b000a28f0000438ce4
:10afc80021100000b000a48f04008424b000a4afb6
:10afd800030040116c00a48fad2a400b000064a050
:10afe800ad2a400b000064ac372b400b2110000049
:020000040000fa
:020000041d00dd
:10aff80058ffbd27a400bfafa000beaf9c00b7afed
:10b008009800b6af9400b5af9000b4af8c00b3af62
:10b018008800b2af8400b1af8000b0afa800a4af81
:10b028001800828c2190a000010005241000428c99
:10b0380009f84000b000a6afab0140106000a2279d
:10b048007000a0af6800a2af000044820d0080101d
:10b0580001005026250002241c0082500100458270
:10b06800e64f400fa800a58f7000a38f010063244e
:10b078007000a3af2190000200004482f5ff801405
:10b0880001005026a800a48f10008294400042308e
:10b0980096014014ffff02247000a28fa400bf8f06
:10b0a800a000be8f9c00b78f9800b68f9400b58f14
:10b0b8009000b48f8c00b38f8800b28f8400b18f5a
:10b0c8008000b08f0800e003a800bd277a01a41013
:10b0d80021b800002d0002242b00032420000424a2
:10b0e800230006240e00a210300007241000a350ed
:10b0f8000200f7361100a4500100f7361200a650de
:10b108000008f7361300a7542a0002240400f73673
:10b118000100102600000582f4ffa21400000000c0
:10b128000800f73601001026482c400b0000058265
:10b1380001001026482c400b000005820100102653
:10b14800482c400b0000058201001026482c400bbb
:10b15800000005824701a21021180002d0ffa22496
:10b168000a00422c0b00401021b0000040101600cd
:10b17800c04016002140480001001026214005016a
:10b1880000000582d0ffa2240a00422cf7ff4014d9
:10b19800d0ff16252e0002242201a210ffff1e2434
:10b1a800680002240d01a2106c0002243b01a210c9
:10b1b800710002244801a2104c000224c601a250ca
:10b1c800010005820200e332feffe2320bb84300c1
:10b1d800bcffa2240800e632fbffe4323500432c12
:10b1e800010012260d0160100bb8860080100200c5
:10b1f800019d043c10b28424211082000000428c7e
:10b208000800400000000000d0b5009d24b6009d55
:10b2180074b5009d24b6009d24b6009d24b6009dfb
:10b2280024b6009d24b6009d24b6009d24b6009d3a
:10b2380024b6009d54b8009d64b5009d24b6009db9
:10b2480024b6009d24b6009d24b6009d98b4009da8
:10b2580024b6009d24b6009de4b2009d24b6009d4e
:10b2680024b6009d24b6009d24b6009d24b6009dfa
:10b2780024b6009d24b6009d24b6009d24b6009dea
:10b2880024b6009d14b8009dd4b5009d24b6009d39
:10b2980078b5009d24b6009d24b6009dd4b5009dc8
:10b2a80024b6009d24b6009d24b6009d24b6009dba
:10b2b80058b7009d50b7009d68b5009d24b6009d05
:10b2c80024b6009da0b7009d24b6009d9cb4009da7
:10b2d80024b6009d24b6009de8b2009d2000f736f4
:10b2e80010001024ffff02246f00c2132128000061
:10b2f800fbfff732ffffc527c000e2326e004010a7
:10b308007400a2af2016177c7d0140041000e232c1
:10b3180008014014b000a28f4100e232a50140109c
:10b32800b000a48fb000a38f0000758c04006324c4
:10b33800b000a3afc3a715006d0083067c00a0afc3
:10b34800236815002b100d002360140021a8a0010c
:10b3580023a0820101000224670080127c00a2afb2
:10b368002510b402a90140105f00a2277800a2afff
:10b378002000e33237000424c38f100021984000d6
:10b38800570002240a2043006c00a4af2120a00229
:10b3980021288002213000022140400f213820025c
:10b3a8000a004328300046246c00a48f2110440072
:10b3b8000a304300ffff73262120a00221288002c3
:10b3c800010066a2213000023a41400f21382002d4
:10b3d8002520620021a8400021a06000ebff801416
:10b3e800ffffde27ffffc5270a00a0042110600227
:10b3f800ffff64262320850030000324000043a0bb
:10b40800ffff4224feff4454000043a02728050004
:10b41800219865020400e2320f0140140008e4326a
:10b42800ffff8430070080507400a38f08000224b7
:10b438002c01021210000224500102122000e432f2
:10b448007400a38f070060107c00a48f1e01801475
:10b458000200e232030040102b000224000062a226
:10b46800ffff7326010065261000b7afa800a48f60
:10b478006800a28f23304500b64c400f2138c00227
:10b488007000a38f21186200142c400b7000a3af2a
:10b498001000f736fff7f732ffff022494ffc217b8
:10b4a8000a0010242128000001001e24c000e232f6
:10b4b80094ff40147400a2af2016177c18014004b2
:10b4c8001000e23295004014b000a28f4100e23231
:10b4d80032014010b000a48fb000a38f0000758c1b
:10b4e80021a0000004006324b000a3af7c00a0af3b
:10b4f8009cff80162510b4024801a0122168a00202
:10b508005f00a4277800a4af2000e33237000524a9
:10b5180021988000570002240a2843001b00b0012c
:10b52800f401000210180000ffff7326ffffde275a
:10b538001b00b001f4010002126800000a00642830
:10b5480030006224211865000a106400f3ffa0157a
:10b55800010062a2fc2c400bffffc5272000f73634
:10b568001008f736bb2c400b100010242000f736cb
:10b578008000e232b20040140004ea36b000a48f22
:10b58800070095240410157c0000a28e0400a38ee9
:10b598000800b526b000b5af6000a2af6400a3af45
:10b5a8006000a68f6400a78f1000a5af1400b6af87
:10b5b8001800beaf1c00aaaf7136400fa800a48fb8
:10b5c800232d400b7000a38f1000f736fff7ea32e7
:10b5d800c0005735bb2c400b0a0010240100028222
:10b5e800e2004550020005824000f736212840005d
:10b5f800010010260200e332feffe2320bb84300de
:10b60800bcffa2240800e632fbffe4323500432cdd
:10b6180001001226f5fe60140bb88600222d400b9f
:10b6280021100000010005822a000224c500a21092
:10b63800d0ffa2240a00422c01001026d8fe401098
:10b6480021f0000040101e00c0481e00214849009b
:10b65800010010262148250100000582d0ffa22400
:10b668000a00422cf7ff4014d0ff3e256b2c400bfc
:10b6780068000224b000a28f0000568c04005524f4
:10b68800010010260300c106010065800800f73696
:10b6980023b01600672c400bb000b5af0100028242
:10b6a800c9004550020005821000f73621284000e5
:10b6b8007f2d400b0100102625000424e64f400f83
:10b6c800a800a58f020052267000a48f01008424d0
:10b6d800142c400b7000a4af010005820080f736df
:10b6e800732c400b01001026ffff0224a400bf8f1b
:10b6f800a000be8f9c00b78f9800b68f9400b58fbe
:10b708009000b48f8c00b38f8800b28f8400b18f03
:10b718008000b08f0800e003a800bd270000558c0a
:10b7280021a0000004004224b000a2af3e2d400b2f
:10b738007c00a0af0000558c04004224b000a2afea
:10b74800d02c400bc3a71500bb2c400b08001024bd
:10b758002016177cb9004004b000a48f1000e23214
:10b76800a2004014b000a28f4000e232be00401098
:10b778000100ea32b000a28f0000438c21100000c3
:10b78800b000a48f04008424b000a4af7000a48f7c
:10b79800222d400b000064a4b000a48f0000908c00
:10b7a800019d033c144862240a805000ffff0224d4
:10b7b8009e00c213040095240400c01b21481e02e9
:10b7c800000003820500601421100002fd2d400bcb
:10b7d8002110000005006050231050000100422491
:10b7e800fcff495400004380231050001000b7affd
:10b7f800a800a48f2128000221304000b64c400f39
:10b808002138c002222d400bb000b5afb000a38f85
:10b818000000628c040075241000b7afa800a48f44
:10b828002000a527010006242138c0022000a2a379
:10b83800b64c400fb000b5af232d400b7000a38f5e
:10b84800b000a38f632d400b070075241000f73656
:10b85800bb2c400b080010247800a28f231862022a
:10b86800ffff8430060080102118c302080002245c
:10b8780059000212feff62241000053a0a1845001a
:10b888007400a28f060040107c00a28f0400405470
:10b89800ffff63240300e23201004054ffff6324ea
:10b8a800e0fe601821106002235863023000032470
:10b8b800000043a0ffff4224feff6255000043a0a2
:10b8c8000b2d400b219860012d000224000062a27c
:10b8d8001b2d400bffff73268000f7367f2d400b92
:10b8e800010010260100638230000224d5fe621098
:10b8f8007400a38f000062a2122d400bffff732675
:10b90800b000a38f070062240410027c08004424be
:10b91800b000a4af0000558cd02c400b0400548c10
:10b92800b000a38f070062240410027c080044249e
:10b93800b000a4af0000558c0400548c3e2d400b81
:10b948007c00a0afb000a38f00007e8c040075249b
:10b958000200022602000582b000b5af10fec10742
:10b96800218040006a2c400bffff1e240100f7369f
:10b97800010010267f2d400b0100102658000224dc
:10b98800780003240a106400000062a23000022438
:10b99800ffff62a2122d400bfeff73260000958c5c
:10b9a80021a0000004008424b000a4af3e2d400b69
:10b9b8007c00a0af0000958c04008424b000a4afe4
:10b9c800d02c400bc3a715000080f73601001026c5
:10b9d8007f2d400b010010260100628230004238a2
:10b9e8002b100200222e400b231862000000438c0b
:10b9f80021100000b000a48f04008424b000a4af7c
:10ba08007000a48f222d400b000064ac5f00a327b8
:10ba18007800a3affc2c400b219860005f00a227a0
:10ba28007800a2affc2c400b21984000ba4a400f86
:10ba380021200002fe2d400b1000b7af0000828cc1
:10ba48007000a48fc31f0400b000a48f04008424d6
:10ba5800b000a4af7000a48f000044ac040043ac55
:10ba6800222d400b21100000b000a28f0000438c53
:10ba780021100000b000a48f04008424b000a4affb
:10ba8800030040117000a48f222d400b000064a019
:08ba9800222d400b000064acfc
:020000040000fa
:020000041d00dd
:10baa000e0ffbd271c00bfaf1800beaf21f0a00310
:10bab0002000c4af2400c5af2000c28f0400401096
:10bac000000000002400c28f0a00401400000000a3
:10bad0000e000424019d023c502c4524019d023c93
:10bae000602c4624019d023cc82c47242151400f64
:10baf0000000000014000424a830400f00000000e3
:10bb00001000c2af1000c28f0a00401400000000f5
:10bb100011000424019d023c502c4524019d023c4f
:10bb2000702c4624019d023cc82c47242151400f13
:10bb3000000000001000c28f2000c38f000043ac43
:10bb40001000c28f2400c38f0c0043ac1000c48fc0
:10bb5000eb2e400f000000001000c48f3b2f400f61
:10bb6000000000000a004014000000001700042438
:10bb7000019d023c502c4524019d023c782c46241a
:10bb8000019d023cc82c47242151400f00000000b9
:10bb90001000c28f21e8c0031c00bf8f1800be8fa9
:10bba0002000bd270800e00300000000e8ffbd27db
:10bbb0001400bfaf1000beaf21f0a0031800c4af47
:10bbc0001800c28f0a004014000000001e00042468
:10bbd000019d023c502c4524019d023c942c46249e
:10bbe000019d023cdc2c47242151400f0000000045
:10bbf0001800c28f040040ac1800c28f080040ac8f
:10bc00001800c28f100040a021e8c0031400bf8fad
:10bc10001000be8f1800bd270800e00300000000e0
:10bc2000e8ffbd271400bfaf1000beaf21f0a00396
:10bc30001800c4af1800c28f0a00401400000000b2
:10bc400027000424019d023c502c4524019d023c08
:10bc5000942c4624019d023cf02c47242151400f96
:10bc6000000000001800c48f8c48400f0000000046
:10bc700021e8c0031400bf8f1000be8f1800bd273d
:10bc80000800e00300000000e8ffbd271400bfaf7c
:10bc90001000beaf21f0a0031800c4af1800c28f7f
:10bca0000a004014000000002d000424019d023c05
:10bcb000502c4524019d023c942c4624019d023cbd
:10bcc000042d47242151400f000000001800c28fae
:10bcd0001000429021e8c0031400bf8f1000be8ff7
:10bce0001800bd270800e00300000000e8ffbd27a2
:10bcf0001400bfaf1000beaf21f0a0031800c4af06
:10bd00001800c28f0a004014000000003400042410
:10bd1000019d023c502c4524019d023c942c46245c
:10bd2000019d023c182d47242151400f00000000c6
:10bd30001800c28f1000429001004238ff004230cc
:10bd40000a004010000000001800c28f0400438c5d
:10bd50001800c28f0800428c04006214000000002a
:10bd6000010002245c2f400b0000000021100000a5
:10bd700001004230ff00423021e8c0031400bf8fb1
:10bd80001000be8f1800bd270800e003000000006f
:10bd9000e8ffbd271400bfaf1000beaf21f0a00325
:10bda0001800c4af1800c28f0a0040140000000041
:10bdb0003a000424019d023c502c4524019d023c84
:10bdc000942c4624019d023c2c2d47242151400fe8
:10bdd000000000001800c28f0c00428c21e8c00354
:10bde0001400bf8f1000be8f1800bd270800e003ad
:10bdf00000000000e0ffbd271c00bfaf1800beaf71
:10be000021f0a0032000c4af2000c28f0a0040141c
:10be10000000000041000424019d023c502c4524f8
:10be2000019d023c942c4624019d023c442d472454
:10be30002151400f000000002000c28f0c00428cf6
:10be40001000c2af2000c28f1000429001004238a3
:10be5000ff00423019004010000000002000c28f97
:10be60000400438c2000c28f0800428c2b1062001b
:10be700009004014000000002000c28f0400438c21
:10be80002000c28f0800428c231062001000c2af55
:10be9000af2f400b000000002000c28f0c00438c2d
:10bea0002000c28f0400428c211862002000c28f43
:10beb0000800428c231062001000c2af1000c28f35
:10bec00021e8c0031c00bf8f1800be8f2000bd27d3
:10bed0000800e00300000000e8ffbd271400bfaf2a
:10bee0001000beaf21f0a0031800c4af1800c28f2d
:10bef0000a0040140000000051000424019d023c8f
:10bf0000502c4524019d023c942c4624019d023c6a
:10bf1000582d47242151400f000000001800c28f07
:10bf2000100042900e004010000000001800c28f68
:10bf30000800428c010043241800c28f080043ac63
:10bf40001800c28f0800438c1800c28f0c00428c6e
:10bf500003006214000000001800c28f080040ac0b
:10bf60001800c28f0400428c010043241800c28fc5
:10bf7000040043ac1800c28f0400438c1800c28f29
:10bf80000c00428c03006214000000001800c28ff5
:10bf9000040040ac1800c28f0400438c1800c28f0c
:10bfa0000800428c261062000100422cff00433042
:10bfb0001800c28f100043a021e8c0031400bf8ff7
:10bfc0001000be8f1800bd270800e003000000002d
:10bfd000e8ffbd271400bfaf1000beaf21f0a003e3
:10bfe0001800c4af1800c28f0a00401400000000ff
:10bff00061000424019d023c502c4524019d023c1b
:10c00000942c4624019d023c682d47242151400f69
:10c01000000000001800c28f100040a01800c28f5e
:10c020000800428c010043241800c28f080043ac72
:10c030001800c28f0800438c1800c28f0c00428c7d
:10c0400003006214000000001800c28f080040ac1a
:10c0500021e8c0031400bf8f1000be8f1800bd2759
:10c060000800e00300000000e8ffbd271400bfaf98
:10c070001000beaf21f0a0031800c4af2110a00033
:10c080001c00c2a31800c28f050040100000000071
:10c090001800c28f0000428c0a004014000000000b
:10c0a0006a000424019d023c502c4524019d023c61
:10c0b000982c4624019d023c782d47242151400fa5
:10c0c000000000001800c28f0000438c1800c28fcf
:10c0d0000400428c211062001c00c393000043a0a6
:10c0e0001800c48fb62f400f0000000021e8c003e5
:10c0f0001400bf8f1000be8f1800bd270800e0039a
:10c1000000000000e0ffbd271c00bfaf1800beaf5d
:10c1100021f0a0032000c4af2110a0002400c2a37e
:10c12000ffff02241000c2a32000c28f05004010b0
:10c13000000000002000c28f0000428c0a00401462
:10c140000000000075000424019d023c502c452491
:10c15000019d023c982c4624019d023c8c2d4724d5
:10c160002151400f000000002000c48f222f400ffb
:10c170000000000001004238ff0042300c00401077
:10c18000000000002000c28f0000438c2000c28ffe
:10c190000400428c211062002400c393000043a0dd
:10c1a0002000c48fb62f400f000000001000c0a375
:10c1b0001000c28321e8c0031c00bf8f1800be8f8f
:10c1c0002000bd270800e00300000000e0ffbd27bd
:10c1d0001c00bfaf1800beaf21f0a0032000c4af09
:10c1e0002400c5af2000c28f0800401000000000ee
:10c1f0002400c28f05004010000000002000c28f04
:10c200000000428c0a004014000000008300042457
:10c21000019d023c502c4524019d023cac2c46243f
:10c22000019d023ca02d47242151400f0000000039
:10c23000ffff02241000c2a32000c48f3b2f400f39
:10c240000000000001004238ff0042300d004010a5
:10c25000000000002000c28f0000438c2000c28f2d
:10c260000800428c21106200000043902400c28f1d
:10c27000000043a02000c48ff42f400f00000000f6
:10c280001000c0a31000c28321e8c0031c00bf8fb0
:10c290001800be8f2000bd270800e003000000004a
:020000040000fa
:020000041d00dd
:10c2a000c0ffbd273c00bfaf3800beaf3400b7af02
:10c2b0003000b6af2c00b5af2800b4af2400b3af48
:10c2c0002000b2af1c00b1af1800b0af0b0090243b
:10c2d0001700022e210040100410107c1100842c45
:10c2e000860080101000102400a0113ccc103126d4
:10c2f000211830020c00628cbb004310c2401000b9
:10c300000400438c0c00448c0800458c0408037c1a
:10c31000211843000400668c0c00a4ac08004224e1
:10c320000100c634080085ac040066ac3c00bf8f39
:10c330003800be8f3400b78f3000b68f2c00b58f19
:10c340002800b48f2400b38f2000b28f1c00b18f5f
:10c350001800b08f0800e0034000bd27670000060a
:10c360002b20040265008014f801022edfff401428
:10c3700000a0113c421210000a0040107e0006246a
:10c380000500432c3d006014824110001500432c31
:10c39000fc0060105500432c5b004824eb30400b40
:10c3a000403008003f00082400a0113c8030060007
:10c3b000cc103126213026020c00c28c0900c25458
:10c3c0000400448c0031400b010008255b0063042d
:10c3d000212044000c00428c0900c25001000825b5
:10c3e0000400448c0408047c231890001000652885
:10c3f000f6ffa01400000000ffff0825010008253b
:10c400001000228e00a0063cd410c6247c004650aa
:10c410000400248e0400448c0408047c231890003b
:10c42000100065285900a05021205000140026aead
:10c4300015006004100026ae212044000400838c07
:10c440000800422401006334040083ac3c00bf8f29
:10c450003800be8f3400b78f3000b68f2c00b58ff8
:10c460002800b48f2400b38f2000b28f1c00b18f3e
:10c470001800b08f0800e0034000bd2738000825f1
:10c48000ea30400b403008000002832cc6006054a4
:10c49000c2200400421a04000500652c4b01a010c4
:10c4a0001500652c822904003800a524c038050039
:10c4b000213827020800e38c510167500400248ec4
:10c4c0000400658c0408057c2b2885000500a0501d
:10c4d0000c00658c0800638cfaffe3540400658c43
:10c4e0000c00658c0400248e0c0045ac080043aca5
:10c4f0000800a2ac8031400b0c0062ac0c0003249d
:10c5000000a0023c600043ac211000003c00bf8f43
:10c510003800be8f3400b78f3000b68f2c00b58f37
:10c520002800b48f2400b38f2000b28f1c00b18f7d
:10c530001800b08f0800e0034000bd270400868c7f
:10c540000c00438c0800458c0100c63408004224ce
:10c550000c00a3ac080065ac040086ac3c00bf8fa7
:10c560003800be8f3400b78f3000b68f2c00b58fe7
:10c570002800b48f2400b38f2000b28f1c00b18f2d
:10c580001800b08f0800e0034000bd2701001036fe
:10c590000100673421288300040050ac08004224c5
:10c5a000140024ae100024ae0c0086ac080086ac4b
:10c5b000040087ac0000a3ac3c00bf8f3800be8fe6
:10c5c0003400b78f3000b68f2c00b58f2800b48fa1
:10c5d0002400b38f2000b28f1c00b18f1800b08fe1
:10c5e0000800e0034000bd27080043241400428ceb
:10c5f00083ff621002000825c130400b0400438c09
:10c600008310080001000724043847002b1087001e
:10c610002a0040540800328e2410870070004050d9
:10c6200040380700c050080021502a02214840012c
:10c63000215800010c00228d090022550400448c71
:10c640000532400b01006b2590006304212044005b
:10c650000c00428c6f00225101006b250400448cb9
:10c660000408047c2318900010006528f6ffa0142d
:10c67000000000000c00458c0800478c2120500071
:10c68000010010360100693421408300040050ace1
:10c69000080042240c00e5ac0800a7ac140024ae4e
:10c6a000100024ae0c0086ac080086ac040089acf7
:10c6b000cb30400b000003ad0800328e0400548ed6
:10c6c0000408147c2b1090020400401423109002e4
:10c6d00010004328240060102118500200a0023ce2
:10c6e000f017558c00a01e3c21b854021000b5264e
:10c6f000b055400f21a8b00221b04000c410c38f34
:10c70000ffff022404006210ffffa2262110560042
:10c7100023a8160024a8a2021853400f2120a0022b
:10c7200021984000ffff0224070062520800328e69
:10c730002b1077025e00401000a0033c5d005152b8
:10c74000c017628c0800328e0400428e0408027cfe
:10c750002b185000a1006014231050001000432833
:10c760009e0060142118500201001036010044346c
:10c77000040050ae08004226080023aecb30400b28
:10c78000040064ac20006014024310005501432ce7
:10c79000880060105505422cc24310007700082520
:10c7a000ea30400b40300800c01804002118230272
:10c7b0000400278e0800658c8320040001000924f2
:10c7c00004208900252087000c0043ac080045acfc
:10c7d000040024ae080062ac8031400b0c00a2ac17
:10c7e0000408087c241087008eff401404000825ec
:10c7f0004038070024108700fdff40100400082582
:10c800008a31400bc05008006e000825ea30400b0a
:10c81000403008000300623186ff401408002925db
:10c820000d32400bf8ff422509004215ffff082595
:10c83000f8ff422503000331fbff605400004a8dde
:10c840000400228e2718070024106200040022ae84
:10c850000400228e403807002b18470097ff6054d1
:10c860000800328e94ffe0102418e2006dff60147f
:10c8700021406001403807002418e200fdff6010ed
:10c88000040008258a31400bc05008000400868c43
:10c890000c00438c0800458c0100c634040086acb3
:10c8a000080042240c00a3accb30400b080065ac60
:10c8b000c017628cffffc5262110a2025c00f31294
:10c8c000c01762acc410c68fffff04246800c450b8
:10c8d00000a0023c23b8770221105700c01762acb9
:10c8e00007006432040080102110000008000224b8
:10c8f000231044002198620221a8750221105600dd
:10c900002428a50223a845002120a0021853400f87
:10c910001000a3afffff0424520044101000a38fa7
:10c92000231053002120a20201008434c017628c1e
:10c93000080033ae2110a202c01762ac0f005112e2
:10c94000040064ae1000832e28006014f4ff8326d8
:10c950000410037c2120430205000524040085ac5b
:10c96000080085ac0400458e1000642c0100a53041
:10c970002518650036008010040043ae00a0033c7b
:10c98000ec17648c2b20820001008054ec1762ac01
:10c9900000a0033ce817648c2b208200020080106a
:10c9a0000800328ee81762ac0400428ed431400b8e
:10c9b0000408027c0b004050fc0006248244100056
:10c9c0007c000825ea30400b403008001300a050de
:10c9d0005500652c2b31400b5b006524cb30400ba0
:10c9e00021100000ea30400b7e00082401000224e0
:10c9f000040062ae21906002d431400b211000008f
:10ca000083280500010007240428a7002520a4008e
:10ca1000040024ae3a31400b212860001600a050db
:10ca20005501652c022b04002b31400b6e00a52410
:10ca30002420e502a4ff8054c410c68f0800238e72
:10ca40002120b402010084345f32400b040064ac46
:10ca50008c48400f0800442600a0023c5f32400b87
:10ca6000c017428c010004244b32400b21a8000067
:10ca70003832400bc41053ac0400a0105505632c91
:10ca8000c22b04002b31400b7700a52487fe6010d9
:10ca90007e000524822c04002b31400b7c00a52451
:020000040000fa
:020000041d00dd
:10caa000301088bf601088bf01000000301088bfc0
:10cab000601088bf02000000301088bf601088bf7f
:10cac00004000000301088bf601088bf080000001c
:10cad000301088bf601088bf80000000301088bf11
:10cae000601088bf00080000301088bf601088bf49
:10caf00000800000301088bf601088bf0000080070
:10cb0000301088bf601088bf10000000301088bf50
:10cb1000601088bf00010000301088bf601088bf1f
:10cb200000100000301088bf601088bf00000100b6
:10cb3000301088bf601088bf00001000301088bf20
:10cb4000601088bf20000000301088bf601088bfd0
:10cb500000020000301088bf601088bf0020000075
:10cb6000301088bf601088bf00000200301088bffe
:10cb7000601088bf00002000401088bf701088bf80
:10cb800000000020401088bf701088bf00000040e7
:10cb9000401088bf701088bf00000080501088bf10
:10cba000801088bf01000000501088bf801088bf2f
:10cbb00002000000301088bf601088bf40000000f5
:10cbc000301088bf601088bf00040000301088bf9c
:10cbd000601088bf00400000301088bf601088bf20
:10cbe00000000400301088bf601088bf00004000c3
:10cbf000401088bf701088bf0100000000000000d6
:10cc00000000000000000000401088bf701088bfc6
:10cc1000e0000000301088bf601088bf0000001cda
:10cc2000401088bf701088bf00070000000000009f
:10cc30000000000000000000401088bf701088bf96
:10cc400020000000301088bf601088bf0000000482
:10cc5000401088bf701088bf000100000000000075
:10cc60000000000000000000401088bf701088bf66
:10cc700080000000301088bf601088bf00000010e6
:10cc8000401088bf701088bf000400000000000042
:10cc90000000000000000000401088bf701088bf36
:10cca00040000000301088bf601088bf00000008fe
:10ccb000401088bf701088bf00020000301088bf8d
:10ccc000601088bf000000e00000000000000000cd
:10ccd00000000000301088bf601088bf0000001cfa
:10cce000401088bf701088bfe0000000401088bf6f
:10ccf000701088bf00070000301088bf601088bf28
:10cd00000000002000000000000000000000000003
:10cd1000301088bf601088bf00000004401088bf3a
:10cd2000701088bf20000000401088bf701088bfbe
:10cd300000010000301088bf601088bf0000004074
:10cd4000000000000000000000000000301088bf5c
:10cd5000601088bf00000008401088bf701088bfb6
:10cd600040000000401088bf701088bf0002000023
:10cd7000301088bf601088bf0000008000000000f5
:10cd80000000000000000000301088bf601088bf65
:10cd900000000010401088bf701088bf80000000a5
:10cda000401088bf701088bf00040000301088bf9a
:10cdb000601088bf0000001c401088bf701088bf42
:10cdc00000070000401088bf701088bfe00000001e
:10cdd000501088bf801088bf38000000501088bff6
:10cde000801088bf000e0000501088bf801088bfe0
:10cdf000c0010000301088bf601088bf0000000430
:10ce0000401088bf701088bf00010000401088bf2c
:10ce1000701088bf20000000501088bf801088bfad
:10ce200008000000501088bf801088bf000200007a
:10ce3000501088bf801088bf40000000301088bfad
:10ce4000601088bf00000008401088bf701088bfc5
:10ce500000020000401088bf701088bf4000000032
:10ce6000501088bf801088bf10000000501088bf8d
:10ce7000801088bf00040000501088bf801088bf59
:10ce800080000000301088bf601088bf00000010d4
:10ce9000401088bf701088bf00040000401088bf99
:10cea000701088bf80000000501088bf801088bfbd
:10ceb00020000000501088bf801088bf00080000cc
:10cec000501088bf801088bf00010000401088bf4c
:10ced000701088bf02000000401088bf701088bf2b
:10cee00004000000501088bf801088bf04000000bc
:10cef000401088bf701088bf08000000401088bf35
:10cf0000701088bf10000000401088bf701088bfec
:10cf100000400000401088bf701088bf0000000172
:10cf2000401088bf701088bf00800000401088bf8c
:10cf3000701088bf00000100401088bf701088bfcb
:10cf400000000200401088bf701088bf000004007d
:10cf5000401088bf701088bf00000800401088bfd4
:10cf6000701088bf00001000401088bf701088bf8c
:10cf700000002000401088bf701088bf00004000f3
:10cf8000401088bf701088bf00008000401088bf2c
:10cf9000701088bf00000002401088bf701088bf6a
:10cfa00000000004401088bf701088bf0000000817
:10cfb000401088bf701088bf00000010901088bf1c
:10cfc0000000000002000000901088bf0800000070
:10cfd0000a000000901088bf10000000120000003e
:10cfe000901088bf180000001a000000a01088bf31
:10cff000180000001a000000b01088bf18000000e0
:10d000001a000000c01088bf180000001a000000bd
:10d01000d01088bf180000001a000000a01088bfc0
:10d020000000000002000000b01088bf00000000f7
:10d0300002000000c01088bf0000000002000000d5
:10d04000d01088bf0000000002000000e01088bf80
:10d050000000000002000000a01088bf08000000cf
:10d060000a000000b01088bf080000000a0000009d
:10d07000c01088bf080000000a000000d01088bf60
:10d08000080000000a000000e01088bf080000004f
:10d090000a000000a01088bf10000000120000006d
:10d0a000b01088bf1000000012000000c01088bf40
:10d0b0001000000012000000d01088bf1000000017
:10d0c00012000000e01088bf1000000012000000f5
:10d0d000000000000000000000000000001188bff8
:10d0e000180000001a000000f01088bf00000000c7
:10d0f00002000000101188bf0000000002000000c4
:10d10000f01088bf0000000002000000101188bf6e
:10d110000000000002000000001188bf180000009d
:10d120001a000000501188bf080000000a0000002b
:10d13000501188bf180000001a000000501188bf6d
:10d140001000000012000000f01088bf080000006e
:10d150000a000000000000000000000000000000c5
:10d16000f01088bf0000000002000000001188bf1e
:10d17000180000001a000000101188bf0000000015
:10d1800002000000f01088bf100000001200000034
:10d19000f01088bf180000001a000000001188bfbe
:10d1a0000000000002000000001188bf080000001d
:10d1b0000a000000001188bf1000000012000000eb
:10d1c000101188bf1000000012000000101188bf6d
:10d1d000180000001a000000201188bf00000000a5
:10d1e00002000000201188bf080000000a000000b3
:10d1f000201188bf1000000012000000201188bf1d
:10d20000180000001a000000301188bf0000000064
:10d2100002000000301188bf080000000a00000072
:10d22000301188bf1000000012000000301188bfcc
:10d23000180000001a000000401188bf0000000024
:10d2400002000000401188bf080000000a00000032
:10d25000401188bf1000000012000000401188bf7c
:10d26000180000001a000000501188bf00000000e4
:04d2700002000000b8
:020000040000fa
:020000041d00dd
:10d27400e8ffbd271400bfaf1000beaf21f0a0032c
:10d2840003000424212800002954400f000000005a
:10d294000300042421280000b643400f00000000ce
:10d2a40003000424212800000655400f000000005c
:10d2b40003000424c404023c00b445340100023ccd
:10d2c40000c24634ec52400f000000000300042466
:10d2d400870005244251400f0000000021e8c003ec
:10d2e4001400bf8f1000be8f1800bd270800e00394
:10d2f40000000000e8ffbd271400beaf21f0a0032a
:10d3040000000000030002240400c2af019d023c9f
:10d314000400c38f80180300985542242110620032
:10d324000000428c1000428c010042302b1002009d
:10d33400ff004230f3ff401000000000030002240d
:10d344000800c2af019d023c0800c38f801803008f
:10d3540098554224211062000000428c3000428c17
:10d36400ff0042300000c2a30000c29321e8c003c2
:10d374001400be8f1800bd270800e0030000000061
:10d38400e8ffbd271400beaf21f0a00321108000e8
:10d394001800c2a300000000030002240000c2af72
:10d3a400019d023c0000c38f80180300985542245d
:10d3b400211062000000428c1000428c00024230b6
:10d3c4000100422cff004230f3ff40100000000037
:10d3d400030002240400c2af1800c2930800c2a3d1
:10d3e400019d023c0400c38f801803009855422419
:10d3f400211062000000428c0800c393200043ac5b
:10d4040000000000030002240c00c2af019d023c96
:10d414000c00c38f80180300985542242110620029
:10d424000000428c1000428c000142302b1002009c
:10d43400ff004230f3ff40100000000021e8c00369
:10d444001400be8f1800bd270800e0030000000090
:10d45400e8ffbd271400bfaf1000beaf21f0a0034a
:10d4640088bf033c20616290010004240400827c94
:10d47400206162a0d0070424a838400f00000000f7
:10d4840088bf033c206162900400027c206162a09a
:10d4940010808427060005243c35400f000000005e
:10d4a40018808427060005243c35400f0000000046
:10d4b40051000424b135400f000000002a03042465
:10d4c400a838400f0000000052000424b135400f7a
:10d4d4000000000021e8c0031400bf8f1000be8fbd
:10d4e4001800bd270800e00300000000e0ffbd278e
:10d4f4001c00bfaf1800beaf21f0a0032000c4afd2
:10d504002110a0002400c2a34a36400f00000000ee
:10d51400019d023c605644241954400f0000000051
:10d524001000c0a35d35400b000000001000c29342
:10d534002000c38f2110620000004290212040008f
:10d54400e134400f000000001000c2932000c38f9c
:10d554002110620000004290212040005e39400ffb
:10d56400000000001000c293010042241000c2a376
:10d574001000c3932400c2932b106200ebff4014ed
:10d58400000000004136400f0000000021e8c00305
:10d594001c00bf8f1800be8f2000bd270800e003c9
:10d5a40000000000d8ffbd272400bfaf2000beaf9d
:10d5b40021f0a003211080002800c2a34a36400fa6
:10d5c40000000000aaff02241400c2a31500c0a397
:10d5d400020002241600c2a3140002241700c2a3ee
:10d5e4002800c2931800c2a31400c22702004324d7
:10d5f4001400c22704004224212060002128400096
:10d604005336400f000000001900c2a3019d023ce4
:10d61400605644241954400f0000000088bf033ca6
:10d6240020616290010004240400827c206162a0d5
:10d634001000c0a3a135400b000000001000c293ed
:10d644001000c327211062000400429021204000f2
:10d65400e134400f000000001000c2931000c32703
:10d664002110620004004290212040005e39400fe6
:10d67400000000001000c293010042241000c2a365
:10d684001000c2930600422cecff4014000000007e
:10d6940088bf033c206162900400027c206162a088
:10d6a4004136400f0000000021e8c0032400bf8f72
:10d6b4002000be8f2800bd270800e0030000000002
:10d6c400d8ffbd272400bfaf2000beaf21f0a003c8
:10d6d400211080002800c2a34a36400f0000000039
:10d6e400aaff02241400c2a31500c0a3030002244d
:10d6f4001600c2a3020002241700c2a31800c0a38c
:10d704002800c2931900c2a31400c22702004324b4
:10d714001400c22705004224212060002128400073
:10d724005336400f000000001a00c2a3019d023cc2
:10d73400605644241954400f0000000088bf033c85
:10d7440020616290010004240400827c206162a0b4
:10d754001000c0a3e935400b000000001000c29384
:10d764001000c327211062000400429021204000d1
:10d77400e134400f000000001000c2931000c327e2
:10d784002110620004004290212040005e39400fc5
:10d79400000000001000c293010042241000c2a344
:10d7a4001000c2930700422cecff4014000000005c
:10d7b40088bf033c206162900400027c206162a067
:10d7c4004136400f0000000021e8c0032400bf8f51
:10d7d4002000be8f2800bd270800e00300000000e1
:10d7e400d8ffbd272400bfaf2000beaf21f0a003a7
:10d7f400211080002800c2a34a36400f0000000018
:10d80400aaff02241400c2a31500c0a3030002242b
:10d814001600c2a3040002241700c2a31800c0a368
:10d824002800c2931900c2a31400c2270200432493
:10d834001400c22705004224212060002128400052
:10d844005336400f000000001a00c2a3019d023ca1
:10d85400605644241954400f0000000088bf033c64
:10d8640020616290010004240400827c206162a093
:10d874001000c0a33136400b000000001000c2931a
:10d884001000c327211062000400429021204000b0
:10d89400e134400f000000001000c2931000c327c1
:10d8a4002110620004004290212040005e39400fa4
:10d8b400000000001000c293010042241000c2a323
:10d8c4001000c2930700422cecff4014000000003b
:10d8d40088bf033c206162900400027c206162a046
:10d8e4004136400f0000000021e8c0032400bf8f30
:10d8f4002000be8f2800bd270800e00300000000c0
:10d90400f8ffbd270400beaf21f0a0030000000013
:10d9140021e8c0030400be8f0800bd270800e0030f
:10d9240000000000f8ffbd270400beaf21f0a003f3
:10d934000000000021e8c0030400be8f0800bd27da
:10d944000800e00300000000f0ffbd270c00beaf9c
:10d9540021f0a0031000c4af1400c5af0000c0a3a1
:10d964006336400b000000001000c28f000043909b
:10d974000000c293211062000000c2a31000c28ff5
:10d98400010042241000c2af1000c38f1400c28fe4
:10d994002b104300f4ff4010000000000000c2936d
:10d9a400231002000000c2a30000c29321e8c003b8
:10d9b4000c00be8f1000bd270800e003000000002b
:020000040000fa
:020000041d00dd
:10d9c40088fdbd277402bfaf7002beaf6c02b7af53
:10d9d4006802b6af6402b5af6002b4af5c02b3af25
:10d9e4005802b2af5402b1af5002b0af2180e00090
:10d9f400f07f023c2418e2007802a4af2188c00022
:10da04009002b28f9402a497f60062104002a4af71
:10da1400ffff02244d0142122800422a090040144b
:10da24004402a0af8802a38f4429037c4700022448
:10da3400630162104002a48fd9ff52264402b2afa0
:10da4400270012241900a0a37e0000064802a0affc
:10da54002120200221280002504d400f3002a62729
:10da64003802a2af3c02a3af3002b08f3402b18fb0
:10da7400213000002138000021200002054d400f14
:10da8400212820025a01401021a80000019d133cc6
:10da94006048778e6448768e1802b42721f0e0023d
:10daa4002198c0022130e0022138c0022120000266
:10dab400c63d400f2128200221204000212860007b
:10dac400504d400f3002a627019d043c6848842431
:10dad4000000868c0400878c2120400021286000ef
:10dae4002802a2af5242400f2c02a3af21204000d3
:10daf400212860002130c003c147400f2138600253
:10db040021204000dc50400f212860003002b08ffb
:10db14003402b18fffff94263000422421200002fa
:10db2400212820022130000021380000010082a2b7
:10db3400054d400f0100b526dbff40142130e00203
:10db4400460002248802a58f4300a2106600022426
:10db54004100a21021b000001900a4831900a227db
:10db64001a00a3270a1064004802a48f2900801019
:10db74004002a58fffff5224ffff44a00100d626d8
:10db84004002a58f0800b130ffff31324402a28f5a
:10db94007d0020162180c2028c02a38f2a1003026a
:10dba4007a004050212040024002a48f04008230b9
:10dbb400080140107802a48f23287000019d063cc0
:10dbc400b550400f1c48c624ffff03246f004314c4
:10dbd400212040028c02a38f2a1003020a18020299
:10dbe400211060007402bf8f7002be8f6c02b78f69
:10dbf4006802b68f6402b58f6002b48f5c02b38f83
:10dc04005802b28f5402b18f5002b08f0800e00363
:10dc14007802bd270200a330d3006054ffff5224d2
:10dc24004002a48f01008330d5ff60102190400092
:10dc3400ffff522420000324ffff43a0e136400be2
:10dc44000100d6260080023c268002022d00052415
:10dc54009536400b4802a5af8200a0123000022482
:10dc6400010082261902a5272b184500f90060102f
:10dc74001a00b12721182002000044800100632407
:10dc840001004224fcff4514ffff64a02380b40379
:10dc94001802102621803002770040124002a38f20
:10dca4003802a48f3c02a58f2130000021380000e7
:10dcb400010016262e000224054d400f000002a28a
:10dcc4009a004010ffff4326019d133c6048748e68
:10dcd4003b37400b6448758e054d400f0000000033
:10dce40092004010ffff4326213080022138a00219
:10dcf4003802a48fc147400f3c02a58f2120400069
:10dd040021286000504d400f2802a6273802a2aff8
:10dd14003c02a3af2802a48f2c02a58f0100d626b3
:10dd2400dc50400fffff52263802a48f3c02a58f1f
:10dd3400213000002138000030004224e6ff401664
:10dd4400ffffc2a23802a48f3c02a58f213000003d
:10dd5400054d400f21380000520040146048668e83
:10dd640023b0d1021900a4831900a2271a00a32703
:10dd74000a1064004802a48fa6ff80104002a58ff9
:10dd8400df36400bffff5224212040022128c0022d
:10dd94008a52400f7802a68fffff12248dff521083
:10dda4004402a38f740060147802a48f8aff2012a7
:10ddb4008c02a38f8c02a48f2a10040287ff4010c8
:10ddc4002a1003027802a48f8c02a28f2328500009
:10ddd400019d063cb550400f3c48c624f736400b25
:10dde4008c02a38f2120c0002128e00021302002d2
:10ddf400054d400f21380002670040142120200205
:10de04002128000221300000054d400f2138000078
:10de1400790040044002a38f1000a3af7802a48fbe
:10de2400019d053c0c48a52404000624b64c400f73
:10de34008c02a78f7402bf8f7002be8f6c02b78fe3
:10de44006802b68f6402b58f6002b48f5c02b38f30
:10de54005802b28f5402b18f5002b08f0800e00311
:10de64007802bd271a00a2a31b00b0278cff40161e
:10de74001a00b1274002a38f0008623068004014e2
:10de84003802a48f3c02a58f21300000054d400fbd
:10de940021380000b2ff401021b00002019d133c64
:10dea4006048668e6448678e3802a48f3c02a58f52
:10deb400c147400fffffd0262120400021286000e9
:10dec400504d400f2002a627019d023c7048448c0f
:10ded4007448458c2002a68f054d400f2402a78f5d
:10dee4002e0004240b004004300005245a37400b54
:10def40023b0d102010042242014027c3a004328ba
:10df040052006054000002a254001112000005a245
:10df1400ffff102600000282f7ff44540100422450
:10df2400ffff0282be37400bffff1026010063246f
:10df34002118c302300002240100d626feffc316b6
:10df4400ffffc2a25a37400b23b0d1024402a0af54
:10df5400060012241900a0a3bdfe01064802a0afca
:10df64001337400b0080023c2b000324ffff43a027
:10df7400e136400b0100d6264402a58f019d063ce4
:10df8400b550400f1c48c62488ff52148c02a38f3e
:10df9400f836400b2a1003024002a58f1000a5afeb
:10dfa4007802a48f019d053c0048a52403000624a3
:10dfb400b64c400f8c02a78ffb36400b7402bf8f08
:10dfc400000882309dfe4054d9ff52269236400b01
:10dfd400270012248c02a28f23285000019d063ca6
:10dfe400b550400f3c48c624f436400bffff0324d1
:10dff400d136400b1802b4274002a28f1000a2af02
:10e004007802a48f019d053c0448a524040006243d
:10e01400b64c400f8c02a78ffb36400b7402bf8fa7
:10e024003c02a58f21300000213800000100162693
:10e034002e000224054d400f000002a298ff405418
:10e04400019d133c5a37400b23b0d1025a37400b81
:10e0540023b0d1022737400b218020023100022453
:10e064001900a2a31900b1275a37400b23b0d102db
:020000040000fa
:020000041d00dd
:10e07400f8ffbd270400beaf21f0a00381bf033c1d
:10e0840000906294c47b027c009062a481bf023c35
:10e09400ffff0334609043ac88bf033cc0616294cb
:10e0a400c47b027cc06162a488bf023cd06140ace6
:10e0b40088bf023ce06140ac88bf023c406040ac99
:10e0c40088bf023c606040ac88bf023c806040acca
:10e0d40088bf023ca06040ac88bf023cc06040ac3a
:10e0e40088bf023ce06040ac88bf023c006140aca9
:10e0f40088bf023c206140ac88bf023c406140ac18
:10e1040088bf023c606140ac88bf023c806140ac87
:10e1140088bf023ca06140ac88bf033c406062946d
:10e12400c47b027c406062a488bf033c606062944c
:10e1340001000424c47b827c606062a488bf033c29
:10e14400406062948473027c406062a488bf033c94
:10e1540040616290010004240421827c406162a039
:10e1640088bf033c406162904429027c406162a004
:10e1740088bf033c006162900400027c006162a0dd
:10e1840088bf033c206162900400027c206162a08d
:10e1940088bf033c00616290010004244408827c2f
:10e1a400006162a088bf033c006162908410027c1d
:10e1b400006162a088bf033c2061629001000424d6
:10e1c4008410827c206162a088bf033c006162905d
:10e1d4004429027c006162a088bf033c0061629014
:10e1e4008431027c006162a088bf033c00616290bc
:10e1f400c439027c006162a088bf033c0061629064
:10e2040001000424c439827c006162a088bf033cfd
:10e2140080616294444a027c806162a488bf033caa
:10e22400a061629401000424444a827ca06162a437
:10e2340088bf033cc06062948431027cc06062a4e5
:10e2440088bf033ce0606294010004248431827c32
:10e25400e06062a488bf033c806162948431027ce4
:10e26400806162a488bf033c80616294010004243d
:10e27400c439827c806162a488bf033c806162945b
:10e284000442027c806162a421e8c0030400be8fc2
:10e294000800bd270800e00300000000f0ffbd27d0
:10e2a4000c00bfaf0800beaf21f0a0032110800016
:10e2b4001000c2a71000c49721188000801003002a
:10e2c4002118400040110300231043002110440092
:10e2d4008018020021104300801102000000c2af28
:10e2e4002110000000488240c0000000000000002f
:10e2f400004803400000c28f2b106200fcff401452
:10e304000000000021e8c0030c00bf8f0800be8f8e
:10e314001000bd270800e00300000000f0ffbd2747
:10e324000c00bfaf0800beaf21f0a0032110800095
:10e334001000c2a71000c297c0100200801802008b
:10e34400211043000000c2af2110000000488240a9
:10e35400c000000000000000004803400000c28f1d
:10e364002b106200fcff40140000000021e8c003f1
:10e374000c00bf8f0800be8f1000bd270800e0030b
:10e3840000000000f8ffbd270400beaf21f0a00389
:10e394006c80828f21e8c0030400be8f0800bd2773
:10e3a4000800e00300000000e8ffbd271400bfaf31
:10e3b4001000beaf21f0a00321200000212800009e
:10e3c4002954400f000000002120000021280000f3
:10e3d400b643400f00000000212000002128000067
:10e3e4000655400f0000000021200000c404023c38
:10e3f40000b445340100023c00c24634ec52400fe4
:10e404000000000021200000870005244251400f35
:10e414000000000021e8c0031400bf8f1000be8f6d
:10e424001800bd270800e00300000000e8ffbd2736
:10e434001400beaf21f0a003000000000400c0af30
:10e44400019d023c0400c38f8018030098554224a8
:10e45400211062000000428c1000428c0100423006
:10e464002b100200ff004230f4ff401000000000b7
:10e474000800c0af019d023c0800c38f8018030050
:10e4840098554224211062000000428c3000428cd6
:10e49400ff0042300000c2a30000c29321e8c00381
:10e4a4001400be8f1800bd270800e0030000000020
:10e4b400e8ffbd271400beaf21f0a00321108000a7
:10e4c4001800c2a3000000000000c0af019d023c80
:10e4d4000000c38f80180300985542242110620065
:10e4e4000000428c1000428c000242300100422c99
:10e4f400ff004230f4ff4010000000000400c0aff1
:10e504001800c2930800c2a3019d023c0400c38ffb
:10e514008018030098554224211062000000428ca8
:10e524000800c393200043ac000000000c00c0afff
:10e53400019d023c0c00c38f8018030098554224af
:10e54400211062000000428c1000428c0001423015
:10e554002b100200ff004230f4ff401000000000c6
:10e5640021e8c0031400be8f1800bd270800e00393
:10e5740000000000e0ffbd271c00bfaf1800beafc5
:10e5840021f0a003211080002000c2a32000c29328
:10e59400021102001000c2a32000c2930f004230f7
:10e5a4001100c2a31000c2930a00422c04004014bc
:10e5b40000000000370002247239400b0000000004
:10e5c400300002241000c393211043001000c2a3a2
:10e5d4001100c2930a00422c040040140000000001
:10e5e400370002247d39400b000000003000022473
:10e5f4001100c393211043001100c2a31000c29361
:10e60400212040002d39400f000000001100c2936a
:10e61400212040002d39400f000000002000042478
:10e624002d39400f0000000021e8c0031c00bf8ffb
:10e634001800be8f2000bd270800e0030000000082
:10e6440000e85d4100701b4002601a40e0ffbd27f6
:10e654001c00bbaf00601b401400baaf1800bbaf76
:10e6640044781b7c00087b3700609b400800a3af04
:10e674000400a2af1400a38f0f0063300c00beafe0
:10e684000000000021f0a0036c80828f010042246e
:10e694006c8082af88bf023c10000324341043ac6a
:10e6a40021e8c0031400a28f0f004230040040147c
:10e6b400000000000c00be8f0800a38f0400a28f8e
:10e6c4000000000000606041c00000001c00ba8f20
:10e6d4001800bb8f00709a401400ba8f2000bd2729
:10e6e40002609a4000e8dd4100609b40180000424f
:020000040000fa
:020000041d00dd
:10e6f400000000a01000000001000000aa000208b1
:10e7040000f60000aa00021418d20000100000a0b5
:10e7140008000000010000004001e001ffff0100cb
:10e72400380000a00c00000000000000180000a049
:10e734001800000001000000210100003e0e00004e
:10e74400f8000000990d0000010000000100000025
:10e75400440000a00800000000000000a40000a085
:10e764001e000000000000004c0000a00c0000008f
:10e7740000000000d41400a090010000000000007c
:10e78400580000a00400000000000000c40000a025
:10e7940000100000000000005c0000a00400000065
:10e7a40000000000300000a0040000000100000090
:10e7b40002000000c41000a01004000001000000ca
:10e7c400ffffffff00200000000000000000000029
:10e7d400cc1000a0cc1000a0d41000a0d41000a035
:10e7e400dc1000a0dc1000a0e41000a0e41000a0e5
:10e7f400ec1000a0ec1000a0f41000a0f41000a095
:10e80400fc1000a0fc1000a0041100a0041100a042
:10e814000c1100a00c1100a0141100a0141100a0f0
:10e824001c1100a01c1100a0241100a0241100a0a0
:10e834002c1100a02c1100a0341100a0341100a050
:10e844003c1100a03c1100a0441100a0441100a000
:10e854004c1100a04c1100a0541100a0541100a0b0
:10e864005c1100a05c1100a0641100a0641100a060
:10e874006c1100a06c1100a0741100a0741100a010
:10e884007c1100a07c1100a0841100a0841100a0c0
:10e894008c1100a08c1100a0941100a0941100a070
:10e8a4009c1100a09c1100a0a41100a0a41100a020
:10e8b400ac1100a0ac1100a0b41100a0b41100a0d0
:10e8c400bc1100a0bc1100a0c41100a0c41100a080
:10e8d400cc1100a0cc1100a0d41100a0d41100a030
:10e8e400dc1100a0dc1100a0e41100a0e41100a0e0
:10e8f400ec1100a0ec1100a0f41100a0f41100a090
:10e90400fc1100a0fc1100a0041200a0041200a03d
:10e914000c1200a00c1200a0141200a0141200a0eb
:10e924001c1200a01c1200a0241200a0241200a09b
:10e934002c1200a02c1200a0341200a0341200a04b
:10e944003c1200a03c1200a0441200a0441200a0fb
:10e954004c1200a04c1200a0541200a0541200a0ab
:10e964005c1200a05c1200a0641200a0641200a05b
:10e974006c1200a06c1200a0741200a0741200a00b
:10e984007c1200a07c1200a0841200a0841200a0bb
:10e994008c1200a08c1200a0941200a0941200a06b
:10e9a4009c1200a09c1200a0a41200a0a41200a01b
:10e9b400ac1200a0ac1200a0b41200a0b41200a0cb
:10e9c400bc1200a0bc1200a0c41200a0c41200a07b
:10e9d400cc1200a0cc1200a0d41200a0d41200a02b
:10e9e400dc1200a0dc1200a0e41200a0e41200a0db
:10e9f400ec1200a0ec1200a0f41200a0f41200a08b
:10ea0400fc1200a0fc1200a0041300a0041300a038
:10ea14000c1300a00c1300a0141300a0141300a0e6
:10ea24001c1300a01c1300a0241300a0241300a096
:10ea34002c1300a02c1300a0341300a0341300a046
:10ea44003c1300a03c1300a0441300a0441300a0f6
:10ea54004c1300a04c1300a0541300a0541300a0a6
:10ea64005c1300a05c1300a0641300a0641300a056
:10ea74006c1300a06c1300a0741300a0741300a006
:10ea84007c1300a07c1300a0841300a0841300a0b6
:10ea94008c1300a08c1300a0941300a0941300a066
:10eaa4009c1300a09c1300a0a41300a0a41300a016
:10eab400ac1300a0ac1300a0b41300a0b41300a0c6
:10eac400bc1300a0bc1300a0c41300a0c41300a076
:10ead400cc1300a0cc1300a0d41300a0d41300a026
:10eae400dc1300a0dc1300a0e41300a0e41300a0d6
:10eaf400ec1300a0ec1300a0f41300a0f41300a086
:10eb0400fc1300a0fc1300a0041400a0041400a033
:10eb14000c1400a00c1400a0141400a0141400a0e1
:10eb24001c1400a01c1400a0241400a0241400a091
:10eb34002c1400a02c1400a0341400a0341400a041
:10eb44003c1400a03c1400a0441400a0441400a0f1
:10eb54004c1400a04c1400a0541400a0541400a0a1
:10eb64005c1400a05c1400a0641400a0641400a051
:10eb74006c1400a06c1400a0741400a0741400a001
:10eb84007c1400a07c1400a0841400a0841400a0b1
:10eb94008c1400a08c1400a0941400a0941400a061
:10eba4009c1400a09c1400a0a41400a0a41400a011
:10ebb400ac1400a0ac1400a0b41400a0b41400a0c1
:10ebc400bc1400a0bc1400a0c41400a0c41400a071
:10ebd400c01700a03400000000000000600000a086
:10ebe4000400000000000000641600a0d40000002f
:10ebf40001000000c81600a0e41600a0001700a041
:10ec0400c41600a0381700a0010000000000000096
:10ec140000000000000000000000000000000000f0
:10ec240000000000000000000000000000000000e0
:10ec340000000000000000000000000000000000d0
:10ec440000000000000000000000000000000000c0
:10ec54000000000000000000ffffffffffffffffb8
:10ec64000000000040000000091000000000000047
:10ec7400f055019dffffffff0000000000000000b1
:10ec8400000000000210010000000000f055019d8a
:10ec9400ffffffff00000000000000000000000074
:10eca4000200020000000000f055019dfdffffff7f
:10ecb4000000000000000000000000000000000050
:10ecc4000000000000000000381700a088000000c9
:10ecd40000000000340000a0040000000100000057
:10ece400641600a0f41700a0240000000000000037
:10ecf4000000000022222222222222222222222278
:020000040000fa
:020000041d00dd
:10ed080000000000003e5b4f5b3e3e6b4f6b3e1cbd
:10ed18003e7c3e1c183c7e3c181c577d571c1c5ed4
:10ed28007f5e1c00183c1800ffe7c3e7ff001824ab
:10ed38001800ffe7dbe7ff30483a060e2629792955
:10ed480026407f050507407f05253f5a3ce73c5a8a
:10ed58007f3e1c1c08081c1c3e7f14227f22145f67
:10ed68005f005f5f06097f017f006689956a6060c2
:10ed780060606094a2ffa29408047e040810207ebc
:10ed8800201008082a1c08081c2a08081e10101041
:10ed9800100c1e0c1e0c30383e3830060e3e0e0687
:10eda800000000000000005f0000000700070014da
:10edb8007f147f14242a7f2a122313086462364999
:10edc8005620500008070300001c22410000412281
:10edd8001c002a1c7f1c2a08083e08080080703086
:10ede80000080808080800006060002010080402f5
:10edf8003e5149453e00427f4000724949494621fb
:10ee080041494d331814127f1027454545393c4a6e
:10ee18004949314121110907364949493646494985
:10ee2800291e0000140000004034000000081422cd
:10ee3800411414141414004122140802015909063b
:10ee48003e415d594e7c1211127c7f494949363e3c
:10ee5800414141227f4141413e7f494949417f0922
:10ee68000909013e414151737f0808087f00417f2d
:10ee780041002040413f017f081422417f4040402b
:10ee8800407f021c027f7f0408107f3e4141413ec3
:10ee98007f090909063e4151215e7f091929462645
:10eea8004949493203017f01033f4040403f1f2049
:10eeb80040201f3f4038403f631408146303047820
:10eec80004036159494d43007f4141410204081040
:10eed80020004141417f040201020440404040407b
:10eee800000307080020545478407f2844443838e9
:10eef80044444428384444287f385454541800085b
:10ef08007e090218a4a49c787f0804047800447d34
:10ef180040002040403d007f1028440000417f40d1
:10ef2800007c047804787c08040478384444443825
:10ef3800fc1824241818242418fc7c080404084805
:10ef48005454542404043f44243c4040207c1c2056
:10ef580040201c3c4030403c44281028444c9090b1
:10ef6800907c4464544c440008364100000077000b
:10ef780000004136080002010204023c2623263c18
:10ef88001ea1a161123a4040207a385454555921a3
:10ef9800555579412254547842215554784020548b
:10efa8005579400c1e5272123955555559395454d9
:10efb800545939555454580000457c410002457d48
:10efc800420001457c407d1211127df0282528f071
:10efd8007c545545002054547c547c0a097f49329e
:10efe800494949323a4444443a324a4848303a4115
:10eff80041217a3a42402078009da0a07d3d4242be
:10f00800423d3d4040403d3c24ff2424487e494346
:10f01800662b2ffc2f2bff0929f620c0887e0903b9
:10f0280020545479410000447d413048484a3238e0
:10f038004040227a007a0a0a727d0d19317d26290c
:10f04800292f28262929292630484d402038080804
:10f05800080808080808382f10c8acba2f10283438
:10f06800fa00007b000008142a142222142a14082b
:10f078005500550055aa55aa55aaff55ff55ff003a
:10f088000000ff00101010ff00141414ff001010ef
:10f09800ff00ff1010f010f0141414fc001414f703
:10f0a80000ff0000ff00ff1414f404fc14141710f0
:10f0b8001f10101f101f1414141f00101010f00040
:10f0c8000000001f101010101f10101010f010007a
:10f0d8000000ff101010101010101010ff1000008a
:10f0e80000ff140000ff00ff00001f10170000fcc5
:10f0f80004f414141710171414f404f40000ff0097
:10f10800f714141414141414f700f714141417141f
:10f1180010101f101f141414f4141010f010f00025
:10f12800001f101f0000001f14000000fc14000046
:10f13800f010f01010ff10ff141414ff141010102a
:10f148001f00000000f010fffffffffff0f0f0f0dd
:10f15800f0ffffff0000000000ffff0f0f0f0f0f71
:10f168003844443844fc4a4a4a347e0202060602bd
:10f178007e027e0263554941633844443c04407e24
:10f18800201e2006027e020299a5e7a5991c2a499d
:10f198002a1c4c7201724c304a4d4d303048784828
:10f1a80030bc625a463d3e494949007e0101017e14
:10f1b8002a2a2a2a2a44445f444440514a44404067
:10f1c800444a51400000ff0103e080ff00000808a6
:10f1d8006b6b083612362436060f090f0600001826
:10f1e800180000001010003040ff0101001f01014d
:10f1f8001e00191d1712003c3c3c3c00000000009a
:10f208000000000000e06fc000007f430000000025
:10f2180000000000003e5b4f5b3e3e6b4f6b3e1ca8
:10f228003e7c3e1c183c7e3c181c577d571c1c5ebf
:10f238007f5e1c00183c1800ffe7c3e7ff00182496
:10f248001800ffe7dbe7ff30483a060e2629792940
:10f2580026407f050507407f05253f5a3ce73c5a75
:10f268007f3e1c1c08081c1c3e7f14227f22145f52
:10f278005f005f5f06097f017f006689956a6060ad
:10f2880060606094a2ffa29408047e040810207ea7
:10f29800201008082a1c08081c2a08081e1010102c
:10f2a800100c1e0c1e0c30383e3830060e3e0e0672
:10f2b800000000000000005f0000000700070014c5
:10f2c8007f147f14242a7f2a122313086462364984
:10f2d8005620500008070300001c2241000041226c
:10f2e8001c002a1c7f1c2a08083e08080080703071
:10f2f80000080808080800006060002010080402e0
:10f308003e5149453e00427f4000724949494621e5
:10f3180041494d331814127f1027454545393c4a59
:10f328004949314121110907364949493646494970
:10f33800291e0000140000004034000000081422b8
:10f348004114141414140041221408020159090626
:10f358003e415d594e7c1211127c7f494949363e27
:10f36800414141227f4141413e7f494949417f090d
:10f378000909013e414151737f0808087f00417f18
:10f3880041002040413f017f081422417f40404016
:10f39800407f021c027f7f0408107f3e4141413eae
:10f3a8007f090909063e4151215e7f091929462630
:10f3b8004949493203017f01033f4040403f1f2034
:10f3c80040201f3f4038403f63140814630304780b
:10f3d80004036159494d43007f414141020408102b
:10f3e80020004141417f0402010204404040404066
:10f3f800000307080020545478407f2844443838d4
:10f4080044444428384444287f3854545418000845
:10f418007e090218a4a49c787f0804047800447d1f
:10f4280040002040403d007f1028440000417f40bc
:10f43800007c047804787c08040478384444443810
:10f44800fc1824241818242418fc7c0804040848f0
:10f458005454542404043f44243c4040207c1c2041
:10f4680040201c3c4030403c44281028444c90909c
:10f47800907c4464544c44000836410000007700f6
:10f4880000004136080002010204023c2623263c03
:10f498001ea1a161123a4040207a3854545559218e
:10f4a8005555794122545478422155547840205476
:10f4b8005579400c1e5272123955555559395454c4
:10f4c800545939555454580000457c410002457d33
:10f4d800420001457c407d1211127df0282528f05c
:10f4e8007c545545002054547c547c0a097f493289
:10f4f800494949323a4444443a324a4848303a4100
:10f5080041217a3a42402078009da0a07d3d4242a8
:10f51800423d3d4040403d3c24ff2424487e494331
:10f52800662b2ffc2f2bff0929f620c0887e0903a4
:10f5380020545479410000447d413048484a3238cb
:10f548004040227a007a0a0a727d0d19317d2629f7
:10f55800292f28262929292630484d4020380808ef
:10f56800080808080808382f10c8acba2f10283423
:10f57800fa00007b000008142a142222142a140816
:10f588005500550055aa55aa55aaff55ff55ff0025
:10f598000000ff00101010ff00141414ff001010da
:10f5a800ff00ff1010f010f0141414fc001414f7ee
:10f5b80000ff0000ff00ff1414f404fc14141710db
:10f5c8001f10101f101f1414141f00101010f0002b
:10f5d8000000001f101010101f10101010f0100065
:10f5e8000000ff101010101010101010ff10000075
:10f5f80000ff140000ff00ff00001f10170000fcb0
:10f6080004f414141710171414f404f40000ff0081
:10f61800f714141414141414f700f714141417140a
:10f6280010101f101f141414f4141010f010f00010
:10f63800001f101f0000001f14000000fc14000031
:10f64800f010f01010ff10ff141414ff1410101015
:10f658001f00000000f010fffffffffff0f0f0f0c8
:10f66800f0ffffff0000000000ffff0f0f0f0f0f5c
:10f678003844443844fc4a4a4a347e0202060602a8
:10f688007e027e0263554941633844443c04407e0f
:10f69800201e2006027e020299a5e7a5991c2a4988
:10f6a8002a1c4c7201724c304a4d4d303048784813
:10f6b80030bc625a463d3e494949007e0101017eff
:10f6c8002a2a2a2a2a44445f444440514a44404052
:10f6d800444a51400000ff0103e080ff0000080891
:10f6e8006b6b083612362436060f090f0600001811
:10f6f800180000001010003040ff0101001f010138
:10f708001e00191d1712003c3c3c3c000000000084
:020000040000fa
:020000041d00dd
:10f718004050050042550a00c04a0500427d0400d9
:10f7280025482f01c042040000800e3c25482e01c8
:10f7380040680700426d0d00c0620700427d060068
:10f7480025608f01c05a060025608e012628a70073
:10f758002428ae00ffff4f25fe07e12dcb00201027
:10f7680000000000ffffaf25fe07e12df400201088
:10f778000000000023504d01ff034a2542400800c5
:10f78800c07f090025400f0142480900023c0c00d7
:10f79800f401e0001b00270112700000104800006f
:10f7a800ffff86311900ce0012200000004c09002e
:10f7b800027c080025482f012b7824010600e0115f
:10f7c80023482401ffffce2521482c012b082c01ba
:10f7d800fcff201000000000f401e0001b002701de
:10f7e80012380000104800001900c700122000005d
:10f7f800004c0900ffff0f3125482f012b78240109
:10f808000600e01123482401ffffe72421482c01ca
:10f818002b082c01fcff20100000000000740e00d3
:10f828002170c7011900cb01123800001020000018
:10f83800000008242b780701234007012b102f0113
:10f8480023482f012b7824012578e2010b00e011d1
:10f8580023482401ffffce2521400b012b780b0103
:10f8680021482c0121482f0102002c110000000022
:10f878002b782c01f7ffe0110000000006002c1582
:10f888000000000025200b002548080000000d247a
:10f898002a00001025380d00023c0c00f401e0009d
:10f8a8001b0027011268000010480000ffff863186
:10f8b8001900cd0012200000004c0900027c08004d
:10f8c80025482f012b7824010600e0112348240144
:10f8d800ffffad2521482c012b082c01fcff20102f
:10f8e80000000000f401e0001b00270112380000ae
:10f8f800104800001900c70012200000004c090041
:10f90800ffff0f3125482f012b7824010600e01155
:10f9180023482401ffffe72421482c012b082c0150
:10f92800fcff201000000000006c0d002168a701fa
:10f938001900ab0112380000102000000000082454
:10f948002b780701234007012b102f0123482f0193
:10f958002b7824012578e2010b00e01123482401cb
:10f96800ffffad2521400b012b780b0121482c010d
:10f9780021482f0102002c11000000002b782c01d7
:10f98800f7ffe011000000000600c00500000000bd
:10f998002a78a0012168ad012170ce012170cf0124
:10f9a800ffff4a25257828010200e0110000000029
:10f9b8000100ad3525480e0025400d00ffff4f25fd
:10f9c800fe07e12d150020100000000000040825a6
:10f9d80000040f2d21482f012b782f0121504f01b2
:10f9e800c27a08000100ef3123400f01c22208004b
:10f9f800407d090025208f0040780900027b0f0018
:10fa08002528af00007d0a002528af002510040036
:10fa1800251805000800e003000000004400401d10
:10fa28000000000001000e242370ca012000c12d2f
:10fa38000700201400000000e0ffce212b20080062
:10fa48000d00091025402401f8ff001000000934ba
:10fa58000900c0110000000022300e000420c80078
:10fa68000430c9000640c8010648c90102008010d8
:10fa78002540c800020008350004082500040f2da1
:10fa880021482f01d6ff0010c25709002a7800012b
:10fa980021400801214829011700401521482f015c
:10faa800257828011400e011000000000800201546
:10fab80000000000030000150000000029ff0010ee
:10fac80000000a242548000100000824e0ff4a2518
:10fad80020702e7123ffc0110000000023504e013a
:10fae80022300e000630c8000440c8010448c9018d
:10faf8001cff00102548260105004d1500000000d8
:10fb080040780c002578eb012b00e0110000000084
:10fb1800ff0701240a00a11100000000bbff4011eb
:10fb280000000000257828012300e01500000000ef
:10fb3800f07f013c2528a100b4ff00100000042438
:10fb48002a78600121586b0121608c011700a015eb
:10fb580021608f0125788b01f5ffe011000000007e
:10fb68000800801500000000030060150000000078
:10fb780000ff001000000d242560600100000b2428
:10fb8800e0ffad2520708e71fafec0110000000064
:10fb98002368ae0122300e000630cb000458cb019a
:10fba8000460cc01f3fe00102560860125788b01e6
:10fbb8000200e01100000000f8ff053c93ff001070
:08fbc80000000424000000000d
:020000040000fa
:020000041d00dd
:10fbd0005200a004214800005700e2042330060030
:10fbe0002140c000215080004600e0142118a000f0
:10fbf0002b10a6005d0040102010c270080040507d
:10fc0000022c08002320020006208a000418450068
:10fc1000044046002518830004504a00022c0800c6
:10fc20001b006500f401a0001060000012580000e5
:10fc3000ffff073102240a00121000000230677132
:10fc400000640c00252084012b6086001b006500e9
:10fc5000f401a0000b0080112318860021208800e9
:10fc60002b18880006006014ffff62252b18860001
:10fc70000400601023188600feff62252120880002
:10fc800023188600ffff4a311b006500f401a00025
:10fc90001058000012300000122000000238c77017
:10fca000005c0b0025506a012b5847011b006500c2
:10fcb000f401a00009006051001402002150480125
:10fcc0002b40480104000015ffffc4242b384701d6
:10fcd000feffc6240b20c70000140200251082007e
:10fce0002118000005002011000000002310020070
:10fcf0002b20020023180300231864000800e003ef
:10fd0000000000002b10a700100040102040e870f9
:10fd100021180000393f400b21100000232004006f
:10fd20002b100400232805002328a200acffe104c7
:10fd3000ffff0924233006002b100600233807009c
:10fd400027480900f83e400b2338e2007e000015ea
:10fd5000200002242b28e500c600a0142118000072
:10fd60002b108600393f400b010042380600c014ba
:10fd700020100271010008241b000701f401e000bb
:10fd8000124000002010027133004054044048002b
:10fd90002320a800023c0800ffff0c3101000324cf
:10fda00002340a001b008700f401e000107000001c
:10fdb00012680000121000000258ac7100740e00ae
:10fdc0002530c6012b70cb001b008700f401e0003a
:10fdd0000900c0112328cb002130c8002b20c80007
:10fde00004008014ffffa2252b20cb00a300805429
:10fdf000feffa2252328cb00ffff4a311b00a700ee
:10fe0000f401e00010580000123000001220000041
:10fe10000260cc70005c0b0025506a012b584c012d
:10fe20001b00a700f401e00009006051001402006b
:10fe3000215048012b40480104000015ffffc42455
:10fe40002b504c01feffc6240b20ca0000140200f8
:10fe5000393f400b25108200200003242318620044
:10fe600006306500023c08001b00c700f401e000fa
:10fe70001078000012680000ffff0c3104284500d4
:10fe8000061864002528650002740500045044002b
:10fe9000121800000258ac7100140f002510c201a6
:10fea0002b204b001b00c700f401e0000b0080502a
:10feb00023104b00211048002b204800060080141e
:10fec000ffffa3252b204b000400805023104b0084
:10fed000feffa3252110480023104b00ffffad308b
:10fee0001b004700f401e000102000001258000041
:10fef0001230000002286c710024040025208d00bf
:10ff00002b6885001b004700f401e0000b00a051a6
:10ff1000001c0300212088002b10880006004014dc
:10ff2000ffff66252b10850004004050001c0300d5
:10ff3000feff662521208800001c03002320850089
:10ff4000683f400b2518c300231048000438070100
:10ff5000061846002538670006584500021c0700b1
:10ff60001b006301f40160001050000012700000db
:10ff7000ffffec3004280501061044002528450049
:10ff8000027c0500121000000268cc7100540a00c7
:10ff900025504f012b784d011b006301f4016000d7
:10ffa0000a00e01104300601215047012b58470197
:10ffb00006006015ffffc2252b584d01040060515b
:10ffc00023504d01feffc2252150470123504d0112
:10ffd000ffffa5301b004301f4016000107000001a
:10ffe00012680000125800000260ac7100740e002c
:10fff0002528c5012b70ac001b004301f4016000f3
:020000041d01dc
:100000000b00c051001402002128a7002b18a700e4
:1000100006006014ffffab252b18ac0004006050f5
:1000200000140200feffab252128a70000140200e7
:10003000251062012328ac0019004600103800008a
:100040002b18a70008006014123000000300a7500e
:1000500004200401393f400b211800002b3086009a
:1000600020ffc05021180000ffff4224393f400b01
:1000700021180000393f400b010002247d3f400b56
:100080002130c8002140c000214880003b00e0141e
:100090002118a0002b10a600480040102010c270ac
:1000a00008004050023408002318020004284500cc
:1000b0000618640004404600251865000448440002
:1000c000023408001b006600f401c000102000008c
:1000d00012580000ffff0c310254090002586c71e5
:1000e0000024040025508a002b684b011b00660089
:1000f000f401c0000900a05123504b0121504801d8
:100100002b1848010500605423504b012b204b0154
:10011000211848010b50640023504b01ffff23318d
:100120001b004601f401c00010480000122000002e
:1001300002208c70004c0900254823012b18240153
:100140001b004601f401c00009006050234824014f
:10015000214828012b182801050060542348240158
:100160002b182401214028010b48030123482401b6
:10017000061049000800e003211800002b10a7001a
:10018000470040142050ea704800401520000b241e
:100190002b10e50005004014231086002b4086003c
:1001a0008900001521108000231086002328a70055
:1001b0002b2082000800e0032318a4000600c014ce
:1001c00020100271010002241b004600f401c0004f
:1001d00012400000201002717d004054044048008d
:1001e0002328a800021c0800ffff07310224090091
:1001f0001b00a300f401600010500000123000004a
:100200000230c77000540a00252044012b5086009c
:100210001b00a300f4016000090040512320860068
:10022000212088002b2888000500a0542320860068
:100230002b508600212888000b20aa00232086004e
:10024000ffff26311b008300f4016000104800000e
:10025000122800000228a770004c0900254826013a
:100260002b3025011b008300f40160000900c05001
:1002700023482501214828012b1828010500605436
:10028000234825012b182501214028010b48030193
:1002900023482501061049000800e003211800004a
:1002a000211080000800e0032118a00023586a01f3
:1002b00004384701061066012538470006686501c5
:1002c000024c07001b00a901f4012001106000008e
:1002d00012180000ffffee300428450106106401eb
:1002e00025104500022c0200043046011240000097
:1002f00002786e7000640c00256085012b288f0148
:100300001b00a901f40120010a00a01004204401ef
:10031000216087012b2887010600a014ffff6824b5
:100320002b288f010400a05023608f01feff68245a
:100330002160870123608f01ffff42301b0089018c
:10034000f4012001102800001218000012680000bb
:1003500002706e70002c05002510a2002b284e00a4
:100360001b008901f40120010600a0500044080090
:10037000211047002b2847004c00a010ffff6d24e0
:10038000004408002540a80123104e001900060172
:10039000104800002b1849003e0060141240000075
:1003a0004b0049102318490012300000233086000a
:1003b0002b208600231864000410630106304601d8
:1003c00025104600061843010800e0030000000065
:1003d000200009242348220106502501021c0800a0
:1003e0001b004301f40160001030000012580000af
:1003f000ffff073104284500064824012528250170
:100400000264050004484400025867710034060085
:10041000253086012b20cb001b004301f401600036
:10042000060080502330cb002130c8002b20c800ac
:10043000240080102b50cb002330cb00ffffaa30cc
:100440001b00c300f401600010200000122800000f
:100450000228a7700024040025208a002b50850064
:100460001b00c300f401600060ff40512328850099
:10047000212088002b3088005cffc0542328850091
:100480002b508500213088000b20ca007b40400b98
:100490002328850023300601231827012b4006015d
:1004a00023186800eb40400b231843002b284e0014
:1004b000b4ffa05000440800feff6d24e040400b54
:1004c000211047002120c8000e41400b0b308a004c
:1004d0002b188800f0ff6054233006011230000012
:0804e000eb40400b2118000065
:020000040000fa
:020000041d01dc
:1004e8002140c000211080003f00e0142148a000f6
:1004f8002b18a600470060102018c3700800605031
:10050800021c08002348030004286500064824014b
:10051800044066002548250104106400021c0800f8
:100528001b002301f4016000106000001258000055
:10053800ffff0a31022402001230000002386a71fb
:1005480000640c00252084012b6087001b00230118
:10055800f40160000b008011232887002120880007
:100568002b2888000600a014ffff66252b2887008b
:100578000400a01023288700feff6625212088009c
:1005880023288700ffff42301b00a300f40160000e
:100598001048000012380000122000000250ea70d3
:1005a800004c0900251022012b484a001b00a3001b
:1005b800f4016000090020510014060021104800d1
:1005c8002b40480004000015ffffe4242b504a008c
:1005d800feffe7240b20ea00001406002510820025
:1005e8000800e003211800002b10a7004400401465
:1005f8002040e87045000055200002242b28e50023
:10060800c800a0142b3086000100c2380800e0039f
:10061800211800000600c0142018037101000324eb
:100628001b006600f401c00012400000201803718e
:100638007b006054044068002320a800023c0800a6
:10064800ffff0b3101000324023402001b00870066
:10065800f401e00010680000126000001248000079
:1006680002508b71006c0d002530a6012b68ca0062
:100678001b008700f401e0000900a0112328ca002c
:100688002130c8002b20c80004008014ffff8925f2
:100698002b20ca00a6008054feff89252328ca0003
:1006a800ffff42301b00a700f401e00010500000db
:1006b80012300000122000000258cb7000540a00cb
:1006c800251042012b504b001b00a700f401e0004d
:1006d8000900405100140900211048002b4048002f
:1006e80004000015ffffc4242b584b00feffc6244e
:1006f8000b20cb00001409000800e003251082003d
:10070800211800000800e003211000002310480011
:1007180004380701061846002538670006504500ca
:10072800021c07001b004301f40160001048000090
:1007380012680000ffffeb30042805010610440092
:100748002528450002740500121000000260ab71f4
:10075800004c090025482e012b702c011b00430179
:10076800f40160000a00c011043006012148270185
:100778002b50270106004015ffffa2252b502c0106
:100788000400405123482c01feffa22521482701df
:1007980023482c01ffffa5301b002301f401600052
:1007a80010680000126000001250000002588b719f
:1007b800006c0d002528a5012b68ab001b00230148
:1007c800f40160000b00a051001402002128a700ca
:1007d8002b18a70006006014ffff8a252b18ab0012
:1007e8000400605000140200feff8a252128a7009b
:1007f80000140200251042012328ab00190046000e
:10080800103800002b18a7004400601412300000b4
:100818003f00a710042004010800e003211800008d
:10082800200002242310430006484500023c08002b
:100838001b002701f401e0001030000012600000e6
:10084800ffff0b31042865000610440025284500e9
:10085800026c0500041064001218000002508b712d
:10086800003406002530a6012b20ca001b002701f2
:10087800f401e0000b0080502330ca002130c8008a
:100888002b20c80006008014ffff83252b20ca00f8
:10089800040080502330ca00feff83252130c800a1
:1008a8002330ca00ffffac301b00c700f401e00092
:1008b80010200000125000001248000002284b715e
:1008c8000024040025208c002b6085001b00c70035
:1008d800f401e0000b008051001c03002120880077
:1008e8002b3088000600c014ffff49252b308500f7
:1008f8000400c050001c0300feff49252120880089
:10090800001c0300232085009441400b2518230177
:100918002b308600c0ffc010000000000842400bca
:10092800ffff4224211800000800e0030100022410
:08093800a941400b2130c80069
:020000040000fa
:020000041d01dc
:100940000080013c2638e10040580500425d0b0064
:10095000c0520500427d040025504f01c04a0400ea
:100960000080083c255048014070070042750e0089
:10097000c06a0700427d06002568af01c06206001c
:100980002568a801ffff6f25fe07e12d8d002010cf
:1009900000000000ffffcf25fe07e12dbb00201067
:1009a000000000000080013c2428a10023406e01cb
:1009b0002c000011000000001500001900000000cc
:1009c0002000012d0700201400000000e0ff082196
:1009d0002b300c0023000d102560a601f8ff00103d
:1009e00000000d341f00001100000000222008004c
:1009f00004308c0004208d0006600c0106680d0197
:100a00001800c01025608c001600001002008c3504
:100a100025580e00234008002000012d0700201457
:100a200000000000e0ff08212b3009000d000a1033
:100a300025484601f8ff001000000a3409000011a3
:100a400000000000222008000430890004208a00f1
:100a50000648090106500a010200c0102548890015
:100a6000020029352678a7001c00e00500000000e0
:100a700021482c012b782c0121504d0121504f0190
:100a800002004d11000000002b784d013700e011ed
:100a90000000000001002f310200e0110000000002
:100aa0000200293542480900c07f0a0025482f016d
:100ab00042500a000080013c2550410101006b2595
:100ac000ff0701242900611500000000f07f013cb0
:100ad0002528a10037000010000004242b782c01e9
:100ae00023482c012b104f0123504f012b784d012f
:100af0002578e2010700e01123504d010080013c00
:100b00002628a1002b7809002348090023500a0059
:100b100023504f010800401500000000030020157d
:100b2000000000000d00001000000b2425502001e3
:100b300000000924e0ff6b252040487107000011e8
:100b400000000000235868012220080006208900c8
:100b50000448090104500a0125504401257849013f
:100b60000200e01500000000000005246800601984
:100b7000000000000004292500042f2d21504f0102
:100b80002b784f0121586f01c27a09000100ef3123
:100b900023482f01c2220900407d0a0025208f0032
:100ba00040780a00027b0f002528af00007d0b0073
:100bb0002528af0025100400251805000800e003d3
:100bc000000000002a7820012148290121504a0113
:100bd0002300601521504f01257849011400e011d0
:100be0000000000008004015000000000300201570
:100bf0000000000067ff001000000b2425502001ba
:100c000000000924e0ff6b252040487161ff0011be
:100c100000000000235868012220080006208900f7
:100c20000448090104500a015aff001025504401ec
:100c3000ff0701241500c111000000002140e7005a
:100c4000257806010300e01500000000d9ffe0044c
:100c50000000000025100600d8ff0010251807002e
:100c6000257849012700e01500000000ff07012456
:100c7000d0ffc115000000002678a7002100e00584
:100c800000000000f3ff0010000000002a7880013f
:100c900021608c012168ad011700c0152168af01ea
:100ca0002578ac01c3ffe011000000000800a0158a
:100cb00000000000030080150000000039ff001054
:100cc00000000e242568800100000c24e0ffce25e2
:100cd0002040a87133ff0011000000002370c801fc
:100ce0002220080006208c0004600c0104680d011d
:100cf0002cff00102568a4012578ac01d5ffe01178
:100d000000000000f8ff053caaff001000000424ca
:100d10000100082423400b012000012d07002014ae
:100d200000000000e0ff08212b3009000d000a1030
:100d300025484601f8ff001000000a3409000011a0
:100d400000000000222008000430890004208a00ee
:100d50000648090106500a010200c0102548890012
:100d60000200293583ff001000000b240000000062
:020000040000fa
:020000041d01dc
:101f04004050050042550a00c04a0500427d0400c5
:101f140025482f01c042040000800e3c25482e01b4
:101f240040680700426d0d00c0620700427d060054
:101f340025608f01c05a060025608e012628a7005f
:101f44002428ae00ffff4f25fe07e12d4700201097
:101f540000000000ffffaf25fe07e12d6f002010f9
:101f64000000000002fcaf2521504f0119002c0194
:101f7400123800001070000019000b01122000003c
:101f84001030000019002b011258000010680000e6
:101f94002130cb002b78cb002138ed002138ef0025
:101fa4000200ed10000000002b78ed002170cf013d
:101fb40019000c0112400000104800002130c80034
:101fc4002b78c8002138e9002138ef000200e9101d
:101fd400000000002b78e9002170cf0125788600ed
:101fe4000200e011000000000100e73425480e0063
:101ff40006002005254007002a7800012140080139
:102004002148290121482f01ffff4a25ffff4f25c1
:10201400fe07e12d680020100000000000040825e0
:1020240000040f2d21482f012b782f0121504f013f
:10203400c27a08000100ef3123400f01c2220800d8
:10204400407d090025208f0040780900027b0f00a5
:102054002528af00007d0a002528af0025100400c4
:10206400251805000800e003000000002a7800019c
:1020740021400801214829011c00401521482f0155
:10208400257828011400e011000000000800201544
:10209400000000000300001500000000adff001068
:1020a40000000a242548000100000824e0ff4a2516
:1020b40020702e71a7ffc0110000000023504e01b4
:1020c40022380e000638e8000440c8010448c9015b
:1020d400a0ff001025482701ff0701243300a111a8
:1020e40000000000ddff001000000000257828013a
:1020f4002e00e015000000000500a01500000000ff
:1021040040780c002578eb012800e0110000000065
:10211400ff0701242100a115000000002a786001b6
:1021240021586b0121608c011900a01521608f01d9
:1021340025788b011400e0110000000008008015d0
:1021440000000000030060150000000085ff00107f
:1021540000000d242560600100000b24e0ffad2584
:10216400203086717fffc010000000002368a601a4
:10217400227006000670cb010458cb000460cc002a
:1021840078ff001025608e01b4ff001000000424c5
:1021940025788b010500e01500000000f07f013c6c
:1021a4002528a100adff001000000424f8ff053c21
:1021b400aaff001000000424f8ff401d00000000e6
:1021c40001000e242370ca012000c12d0700201431
:1021d40000000000e0ffce212b3008000d000910a4
:1021e40025402601f8ff0010000009340900c01141
:1021f4000000000022380e000430e8000438e90032
:102204000640c8010648c9010200c0102540e80084
:10221400020008350004082500040f2d21482f0171
:0c22240083ff0010c257090000000000fa
:020000040000fa
:020000041d01dc
:1022300074008010feff0224fcff868cf8ff8524ca
:102240002418c2002110a3000400478c0100e830cc
:102250006c0000110408077c00a0083ccc10082585
:102260000800098d570049100100c630040047ac32
:102270000c00c01421480000f8ff868c2328a6001b
:102280000800a48c2118660000a0063cd410c624c7
:1022900004008650010009240c00a68c0c0086acba
:1022a0000800c4ac212047000400848c0100843065
:1022b00008008054010064342118670026002011b2
:1022c0000800448c0c00428c0c0082ac080044ac2a
:1022d000010064342110a3000400a4ac49002015bf
:1022e000000043ac0002622c28004054c2180300d6
:1022f000421203000500442c4c0080101500442cb1
:10230000822103003800842440300400803006001d
:10231000213006010800c28c490046500400038d9c
:102320000400448c0408047c2b20640005008050c9
:102330000c00438c0800428cfaffc2540400448c09
:102340000c00438c0c00a3ac0800a2ac080065ace8
:102350000800e0030c0045ac00a0063cd410c624e5
:10236000d9ff86540c00428c010066342110a30072
:10237000140005ad100005ad0c00a4ac0800a4ac21
:102380000400a6ac0800e003000043acc01003004a
:10239000211002010400068d0800448c83180300fc
:1023a0000100072404186700251866000c00a2ac81
:1023b0000800a4ac040003ad080045ac0800e0032d
:1023c0000c0085ac0800c0142138e300f8ff848cb1
:1023d0002328a4000c00a28c0800a38c2138e40060
:1023e0000c0062ac080043ac00a0023cc810428c58
:1023f0000100e3340400a3ac2b38e2000300e0103a
:10240000080005ad0800e00300000000e8ffbd275c
:102410001400bfaf00a0023cdd4d400ff017448c0c
:102420001400bf8f0800e0031800bd270b00805088
:102430005500442c5b004424c348400b403004004a
:102440008320040001000624042086002518830050
:10245000040003add148400b211840000500805016
:102460005501442c022303006e008424c348400b12
:1024700040300400050080105505422cc2230300a3
:1024800077008424c348400b4030040005004050ce
:10249000fc000624822403007c008424c348400bf3
:0c24a00040300400c348400b7e000424c0
:020000040000fa
:020000041d01dc
:1024ac000080013c2628a100c24d0400ff00293108
:1024bc00c25d0500ff006b310080073c0042040048
:1024cc00254007010052050025504701ffff2d252f
:1024dc00fe00a12d6100201000000000ffff6d2503
:1024ec00fe00a12d770020100000000023602b01be
:1024fc000d0080050000000020008129030020143d
:10250c00000000001500001002000a2425300a000b
:10251c0006508a0104688a011000a6110000000010
:10252c000e00001002004a3525480b0023600c00f9
:10253c002000812903002014000000000700001077
:10254c000200082425300800064088010468880130
:10255c000200a6110000000002000835246087006c
:10256c00266885011000a0050000000021400a012a
:10257c002b680a011700a0110000000001000d31aa
:10258c000200a011000000000200083542400800c3
:10259c0001002925ff0001240e0021150000000078
:1025ac000c000010000008242b680a010400a01184
:1025bc0023400a0123400800030000102660870115
:1025cc005000001100000000203006712348260145
:1025dc000440c8000e0020190000000080000825ef
:1025ec0080000d2d21482d01026a08000100ad313b
:1025fc0023400d014040080042420800c06d090014
:10260c0025400d0125100c010800e003000000001e
:10261c00010006242330c9002000c12c39002010f1
:10262c00000000000080013c2540010120000d2429
:10263c002368a6010448a801020020110640c80026
:10264c00010008350000092480000d25e3ffa105d9
:10265c0000000000e1ff0010010009240e0020150d
:10266c0000000000214008010500001100000000de
:10267c0020600c7123482c0198ff00100440880145
:10268c00ff0001240f006111000000000080013cdc
:10269c001800a11400000000216808011b00a015ff
:1026ac0000000000ff000124140061150000000070
:1026bc00266885001500a005000000000d00001024
:1026cc0000000000080060150000000021504a01c5
:1026dc000a0040110000000020604c7123586c016e
:1026ec0082ff001004508a0121684a010700a015de
:1026fc0000000000c4ff001025100500c2ff0010f0
:10270c0025100400c0ff001000000224beff0010c2
:08271c00c0ff023c00000000b8
:020000040000fa
:020000041d01dc
:1027240000800b3cc2450400ff000831c25505007f
:10273400ff004a31003a04002538eb00004a050046
:1027440025482b012670850024586e01ffff0e25b5
:10275400fe00c12d3f00201000000000ffff4e25a9
:10276400fe00c12d53002010000000002b08e900da
:10277400030020140000000042380700010008256f
:1027840082630900f40180011b00ec0012200000a8
:1027940010300000ff3f2d311900a4011228000061
:1027a400803306002b70c5000400c0112330c5001f
:1027b400ffff84242130c9002b70c900f40180017b
:1027c4001b00cc0012380000103000001900a701d3
:1027d40012280000803306002b70c5000400c011cd
:1027e4002330c500ffffe7242130c9002b70c90046
:1027f400807304002138ee000200c0100039070085
:102804000100e7347e000e242370ca0121400e012a
:10281400ffff0e25fe00c12d340020100000000033
:102824008000e7248000ee2c21400e010272070094
:102834000100ce312338ee0040380700423a070049
:10284400c07508002538ee002510eb000800e003f1
:102854000000000008000015000000002138e70017
:102864000500e010000000002060ec7023400c0123
:10287400baff001004388701040048150000000066
:10288400217029012f00c01100000000ff00012465
:1028940008004111000000001200001100000000b7
:1028a4002170e7002700c01500000000220000107e
:1028b4000000000008004015000000002148290124
:1028c4001d0020110000000020602c7123504c01d9
:1028d400a6ff001004488901217029011900c015c0
:1028e40000000000d9ff001025100b001200001d8d
:1028f4000000000001000c24236088012000812dc9
:10290400f8ff20100000000020000e242370cc01ea
:102914000440c70102000011063887010200e734b1
:10292400000008248000ee24bdffc1050000000063
:10293400bbff001001000824807f013cc3ff00108e
:1029440025106101c1ff0010c0ff023c000000001f
:020000040000fa
:020000041d01dc
:10295400d8ffbd272400bfaf2000b4af1c00b3af25
:102964001800b2af1400b1af1000b0af00a0103c1b
:102974000c18028e0900401000a0123c2400bf8fe6
:102984002000b48f1c00b38f1800b28f1400b18fd5
:102994001000b08f0800e0032800bd271418438ef0
:1029a4003d00605000a0033c00a0133c1018628e50
:1029b4003b0040500000043c828f030082a70200c9
:1029c40000e0657c0200313a00e0447c0200943a65
:1029d4000a18b100218860000a109400fb54400fcb
:1029e40021a040000000438c0400448c2b102302df
:1029f400240040102120640000a0023cc4104224a2
:102a040000e0427c2b106200ddff40142400bf8fe5
:102a14002b108302050040142b1064002b10840239
:102a240004004054212080022b106400d4ff401085
:102a34002400bf8f00a0023cc410422442170200ad
:102a4400050005241b0045140400052400a0023cd5
:102a54002518620025208200141843ae101864aeb5
:102a64000c1803ae2400bf8f2000b48f1c00b38f5a
:102a74001800b28f1400b18f1000b08f0800e0036b
:102a84002800bd272b102402dcff401000a0023ccc
:102a9400854a400b211820026b4a400b20186324fe
:102aa4000008842400a0023c201842246f4a400bf2
:102ab40021104400070045140080023c25186200e0
:102ac40025108200141843ae101862ae9a4a400bc7
:102ad4000c1803ae141844ae211880009a4a400b17
:042ae4000c1803ae19
:020000040000fa
:020000041d01dc
:100d7000211080005600c0100c00ca2c4d004015f8
:100d80002618a400030063302338040029006010f3
:100d90000300e7300600e0102330c7000000a398ee
:100da0000300a3882128a700000083b82120870022
:100db0000f00c3302338c3001100e0102130600061
:100dc0002138e5000000a3980300a3880400a89838
:100dd0000700a8880800a9980b00a9880c00aa9809
:100de0000f00aa88000083ac040088ac080089ac1e
:100df0001000a52410008424f2ffa714fcff8aac85
:100e00000300c3302338c3002a00e0102130600003
:100e10002138e5000000a3980300a3880400a5245e
:100e200004008424fbffa714fcff83ac2100001006
:100e3000000000000500e0102330c7000000a39868
:100e40002128a700000083b8212087000f00c330ad
:100e50002338c3000d00e010213060002138e50088
:100e60000000a38c0400a88c0800a98c0c00aa8c9c
:100e7000000083ac040088ac080089ac1000a524f5
:100e800010008424f6ffa714fcff8aac0300c330d3
:100e90002338c3000700e010213060002138e5004e
:100ea0000000a38c0400a52404008424fcffa714e4
:100eb000fcff83ac0600c0102138c5000000a390e1
:100ec0000100a52401008424fcffa714ffff83a0d8
:080ed0000800e003000000002f
:020000040000fa
:020000041d01dc
:102ae80000008a90211080000300401500000000bb
:102af8000800e0030000022401008a90030040154a
:102b0800000000000800e0030100022402008a908f
:102b180003004015000000000800e0030200022442
:102b280003008a9003004015822004000800e00397
:102b380003000224010084248020040000008a8c01
:102b48000101093c01012935c079090023404901e7
:102b580024400f010600001124600a0104008811b6
:102b68000000000000008a90220000100000842469
:102b780004008b8c2340690124400f0106000011da
:102b880024600b01040088110000000004008a90f2
:102b9800180000100400842408008a8c234049018e
:102ba80024400f010600001124600a010400881166
:102bb8000000000008008a900e000010080084241d
:102bc8000c008b8c2340690124400f010600001182
:102bd80024600b0104008811000000000c008a909a
:102be800040000100c00842410008a8cd7ff001009
:102bf8001000842404004015000000000000842414
:102c08000800e0032310820001008a9004004015a8
:102c180000000000010084240800e0032310820063
:102c280002008a900400401500000000020084247d
:102c38000800e0032310820003008a900300842424
:082c48000800e00323108200e4
:020000040000fa
:020000041d01dc
:102c500063697263756c6172427566662e6300000b
:102c60006275666665722026262073697a650000a3
:102c7000636275660000000063697263756c61725f
:102c80005f6275665f656d70747928636275662929
:102c9000000000006d6500006d65202626206d6532
:102ca0002d3e627566666572000000006d65202627
:102cb000262064617461202626206d652d3e627594
:102cc000666665720000000063697263756c61720c
:102cd0005f6275665f696e697400000063697263a4
:102ce000756c61725f6275665f7265736574000012
:102cf00063697263756c61725f6275665f66726547
:102d00006500000063697263756c61725f6275666d
:102d10005f66756c6c00000063697263756c61724c
:102d20005f6275665f656d707479000063697263d8
:102d3000756c61725f6275665f636170616369740f
:102d40007900000063697263756c61725f62756619
:102d50005f73697a65000000616476616e63655f28
:102d6000706f696e74657200726574726561745f0c
:102d7000706f696e7465720063697263756c6172fd
:102d80005f6275665f70757400000000636972634e
:102d9000756c61725f6275665f70757432000000f9
:102da00063697263756c61725f6275665f67657493
:042db000000000001f
:020000040000fa
:020000041d01dc
:102db400d0ffbd272c00bfaf2800b4af2400b3afb1
:102dc4002000b2af1c00b1af1800b0af2198c00012
:102dd40021a0e00021300000213800002180800083
:102de4002188a000054d400f4000b28f38004014e8
:102df4004400a483e151400fd0ff84241000a2af0b
:102e04001400a3af019d043cf446858cf046848ce9
:102e140021304000054d400f21386000140041046a
:102e24002e000224934b400b30000524201c037c0d
:102e34003a0064280e008054000043a21500921248
:102e4400000045a2ffff522600004382f7ff6214f0
:102e540001006324ffff438201006324201c037ce0
:102e64003a006428f5ff8010ffff5226000043a2b9
:102e7400211080022c00bf8f2800b48f2400b38f50
:102e84002000b28f1c00b18f1800b08f0800e0033f
:102e94003000bd271b00601231000224000082a212
:102ea4000000628e01004224000062ae2110800204
:102eb4002c00bf8f2800b48f2400b38f2000b28f62
:102ec4001c00b18f1800b08f0800e0033000bd274c
:102ed400019d023ce846468cec46478c21200002ca
:102ee400c147400f212820022120400021286000f2
:102ef400504d400f1000a6271000a28f824b400bac
:102f04001400a38fffff82a29d4b400bffff94266a
:020000040000fa
:020000041d01dc
:102f14000a0d54656d70206973203a20252e32669f
:102f240020430a0d0000000050726573732069731a
:102f3400203a20252e3266206850610a0d000000d8
:102f440048756d206973203a20252e336620252587
:102f54002052480a0d00000054656d7020697320ea
:102f64003a20252e32662043202050726573732048
:102f74006973203a20252e326620685061204875f6
:102f84006d20697320252e336620252552480000c4
:102f940054656d70206973203a20252e32662043d3
:102fa40020205072657373206973203a20252e32d5
:102fb40066206850612048756d20697320252e3382
:102fc40066202525524820002d00000055706461bc
:102fd400746500002b00000050726576000000004c
:102fe400506c6179000000004e65787400000000a8
:102ff400506169724f4e00004f4e0000506169727b
:103004004f464600cc2f019dd02f019dd82f019d06
:10301400dc2f019de42f019dec2f019df42f019dd8
:10302400fc2f019d0030019d3200d200720132005c
:10303400d20072013200d200720100004600460044
:1030440046008c008c008c00f000f000f0000000c2
:0c3054000000c8420000804300008044df
:020000040000fa
:020000041d01dc
:10306000d0ffbd272c00bfaf2800b5af2400b4af00
:103070002000b3af1c00b2af1800b1af1400b0af66
:1030800080180400019d023cdc554224211062009e
:10309000401904001c009324019d103c9841102607
:1030a000218003022190a0000000518c21206002a9
:1030b000212800004754400f21a8c0000800048eba
:1030c0000c00058e00800234040022aea953400f8c
:1030d000008052361000048e1400058e9953400f64
:1030e0002000543226008012019d023c019d023cca
:1030f000a44e42240000048e09f840000400058e0e
:103100000080023c80004224241042020a00401049
:10311000000000001c0041068007427e1d00401098
:10312000019d023c019d023c644e42241800048e25
:1031300009f840001c00058ecf54400f212060028a
:1031400042a81500ffffb526300035ae2000228ec4
:1031500040000224140022ae000032ae2c00bf8fcb
:103160002800b58f2400b48f2000b38f1c00b28fcd
:103170001800b18f1400b08f0800e0033000bd27a5
:103180003d4c400b644e4224e7ff8052019d023cbf
:0c319000019d023c4b4c400ba44e42241d
:020000040000fa
:020000041d01dc
:10319c00d8ffbd272400bfaf2000b4af1c00b3afd5
:1031ac001800b2af1400b1af1000b0af219880007e
:1031bc0021a0a0003800a297080042302180c00056
:1031cc00140040102188e0002120a0002128c0001c
:1031dc007052400f21306002ffff032403004310a4
:1031ec002a9011021c00401621206002211020029e
:1031fc000a1012022400bf8f2000b48f1c00b38f62
:10320c001800b28f1400b18f1000b08f0800e003cb
:10321c002800bd272a90c7001d0040162328e60071
:10322c0021208002212800027052400f21306002c0
:10323c00211020020a1012022400bf8f2000b48f2c
:10324c001c00b38f1800b28f1400b18f1000b08f18
:10325c000800e0032800bd2723283002019d063c0e
:10326c008e50400fc446c624211020020a101202b0
:10327c002400bf8f2000b48f1c00b38f1800b28fb6
:10328c001400b18f1000b08f0800e0032800bd2798
:10329c00019d063c8e50400fc446c624ffff0324fc
:1032ac00dfff4314211020020a1012022400bf8fea
:1032bc002000b48f1c00b38f1800b28f1400b18f94
:1032cc001000b08f0800e0032800bd27d8ffbd27f1
:1032dc002400bfaf2000b4af1c00b3af1800b2afd6
:1032ec001400b1af1000b0af2198800021a0a00055
:1032fc003800a297080042302180c0001400401012
:10330c002188e0002120a0002128c0008a52400f13
:10331c0021306002ffff0324030043102a901102a6
:10332c001c00401621206002211020020a101202fb
:10333c002400bf8f2000b48f1c00b38f1800b28ff5
:10334c001400b18f1000b08f0800e0032800bd27d7
:10335c002a90c7001d0040162328e6002120800279
:10336c00212800028a52400f2130600221102002d5
:10337c000a1012022400bf8f2000b48f1c00b38fe0
:10338c001800b28f1400b18f1000b08f0800e0034a
:10339c002800bd2723283002019d063cb550400f64
:1033ac003c48c624211020020a1012022400bf8fb0
:1033bc002000b48f1c00b38f1800b28f1400b18f93
:1033cc001000b08f0800e0032800bd27019d063ccb
:1033dc00b550400f3c48c624ffff0324dfff4314c5
:1033ec00211020020a1012022400bf8f2000b48f7b
:1033fc001c00b38f1800b28f1400b18f1000b08f67
:08340c000800e0032800bd27c1
:020000040000fa
:020000041d01dc
:10341400feff092440500500405807002558640168
:103424002558660125504b0103004015000000009b
:103434003c000010000002240200801040400500ff
:1034440001000825e0ff013c010021342b080101a3
:1034540037002010000000000200c01040400700a8
:1034640001000825e0ff013c010021342b08010183
:103474002f002010000000001600a104000000002e
:103484000300e0040000000026000010ffff0224f7
:103494002b508600232086002b58aa002328aa003c
:1034a4002b50a70025504b01030040112328a700ef
:1034b4001c000010010002242550a4000300401148
:1034c4000000000017000010ffff02241500001088
:1034d400000002240300e1040000000011000010b9
:1034e400010002242b508600232086002b58aa00ba
:1034f4002328aa002b50a70025504b01030040119c
:103504002328a70007000010ffff02242550a40071
:10351400030040110000000002000010010002241a
:10352400000002240800e003000000000000000086
:0c353400fcff0010251009000000000042
:020000040000fa
:020000041d01dc
:1035400025380400254005000080013c2458a100d6
:1035500040480500424d0900ffff2c25fe07812d44
:10356000370020100000000033040a2423504901d2
:10357000350041292f0020100000000020004129c3
:103580000600201400000000e0ff4a25000004248b
:1035900006284501050000100428450103004019d4
:1035a00000000000062044010420440123400501de
:1035b0002338e4000000c4ac0400c5ac08000015ca
:1035c0000b0029250300e014000000000d0000108e
:1035d000000009242540e00000000724e0ff292521
:1035e00020200471070080100000000023482401ff
:1035f0002250040006504701043887000440880028
:1036000025400a01c22207004065080025208c00e1
:1036100040280800022b0500006509002528ac00a1
:103620002528ab0025100400251805000800e0033c
:10363000000000000400cbacfaff00100000c0ac9a
:10364000fcff201100000000f8ff053c00000424ee
:103650000000c4acf3ff00100400c5ac0000000083
:020000040000fa
:020000041d01dc
:10366000e8ffbd271400bfaf1000b0afa055400f5a
:103670002180800088bf063c0030c78c0003e77cb7
:103680000800e014004003360010042488bf033c07
:10369000083064ac0030c38c00086330fdff601458
:1036a0000040033681bf103c00f403ae00480540e3
:1036b0000048034023186500f000632cfcff6014f1
:1036c00081bf033c99aa043c5566842410f464ac81
:1036d0006655043caa99843410f464ac0080043428
:1036e00081bf033c08f464ac00f4038e00806330b7
:1036f000fdff60140040042481bf033c04f464ac6b
:103700001200e010001004240030c38c0003637c1e
:103710000600601488bf033c083064ac0030c38ce2
:1037200000086330fdff6014000000003155400fb9
:103730002120400000f4028e003042301400bf8f80
:103740001000b08f0800e0031800bd2788bf033cbd
:10375000043064ac3155400f2120400000f4028e4b
:10376000003042301400bf8f1000b08f0800e0031b
:043770001800bd2759
:020000040000fa
:020000041d01dc
:10377400e0ffbd271c00bfaf1800b2af1400b1af0b
:103784001000b0afb055400f2190800000a0103c55
:10379400cc1010260800038e0400718c0408117ce0
:1037a40023203202efff8424212082001b008200a8
:1037b400f401400012900000ffff52260290427272
:1037c4002a104202080040100000000021100000ee
:1037d4001c00bf8f1800b28f1400b18f1000b08f7f
:1037e4000800e0032000bd271853400f21200000eb
:1037f4000800038e21187100f5ff43142110000006
:103804001853400f23201200ffff03240a00431023
:1038140000a0023cc017448c0800038e23883202a7
:103824000100313623909200040071acc01752acf1
:10383400f54d400b010002241853400f21200000d5
:103844000800038e2320430010008528e0ffa054c5
:103854002110000000a0053cc410a58c0100843494
:103864002310450000a0053cc017a2acf44d400b4a
:04387400040064ac3c
:020000040000fa
:020000041d01dc
:103878002518850003006330310060142110800092
:103888000400c32c1b006054213840000000a38ca6
:10389800fefe0b3cfffe6b352738030021206b0032
:1038a8002420e40080800a3c80804a3524208a0055
:1038b8000a00801021384000424e400b0000a480ce
:1038c8000000a38c2748030021406b0024402801f6
:1038d80024400a010a0000550000a480fcffc62409
:1038e8000400e7240400c82cfcffe3acf4ff00113b
:1038f8000400a5241c00c010000000000000a480e3
:10390800ffffc6240100e3240100a524070080145a
:103918000000e4a0554e400b21286600ffffa78059
:10392800ffffc6240800e010ffff67a00100a524e0
:10393800faffc014010063240800e003000000003f
:103948003f4e400b21384000212866000600c01079
:103958000000000001006324feff6514ffff60a063
:103968000800e003000000000800e0030000000079
:020000040000fa
:020000041d01dc
:10397800c03a0500425d04002538eb00c03204005f
:103988000080013c2538e1000080013c2448a1006a
:10399800404005004245080080fc0825ffff0b2534
:1039a800fe00612d12002010000000000200c0106f
:1039b800000000000100e7348000e7248000eb2cc1
:1039c80021400b01025a070001006b312338eb003c
:1039d80040380700423a0700c05d08002538eb0070
:1039e8002510e9000800e0030000000000000000c6
:1039f8007f0401240700011500000000405807005b
:103a0800255866010300601100000000f5ff001052
:103a1800c0ff023cff000129040020140000000040
:103a2800807f013cefff00102510210101000a24ce
:103a3800235048012000412d0300201400000000fd
:103a4800e8ff00102510090020000c2423608a01db
:103a5800045887012530cb000638470100000824a8
:103a68000080013cd1ff00102538e1000000000073
:020000040000fa
:020000041d01dc
:103a7800d8ffbd272400bfaf2000b1af1c00b0aff6
:103a88002180a0000c00a28c2d004010218880000d
:103a98000000a28c01004224ffff03241e004310f3
:103aa8000000a2ac6251400f212000020000048ee9
:103ab8000400028effff842401004324000004aeaa
:103ac800040003ae000051a00a000224070022529d
:103ad80010000296211020022400bf8f2000b18f11
:103ae8001c00b08f0800e0032800bd270800423002
:103af800f9ff4010211020026251400f21200002de
:103b0800211020022400bf8f2000b18f1c00b08f2d
:103b18000800e0032800bd270800a28ce1ff40143c
:103b2800000000001000a2940400a0ac0c00a0ac9f
:103b3800100042340000a0acab4e400b1000a2a411
:103b48001000a427010005243f53400f1000b1a323
:103b5800000000ae211020022400bf8f2000b18f8a
:0c3b68001c00b08f0800e0032800bd27ff
:020000040000fa
:020000041d01dc
:103b7400e8ffbd271400bfaf00a0023c3000438c17
:103b84000a00605480bf043c0000023c0000422450
:103b9400240040100000023c0000000c0000000063
:103ba4001400bf8f0800e0031800bd2710608424b0
:103bb400fbff8010ffff0224020002242000621099
:103bc40080bf023c80bf023c0060428c80bf053c49
:103bd4003060a52400804230030040140080033488
:103be40080bf023c086043ac0000828c010042307c
:103bf4000900401400000000034f400ba000022401
:103c040005004010000000000000838c01006330b8
:103c1400fbff6010ffff42240000a28cea4e400b21
:103c24001400bf8f000042240b00405080bf043cae
:103c34000000000c00000000ea4e400b1400bf8f8f
:103c44000068428c80bf053c3068a52480bf043cda
:103c5400f64e400b10688424f24e400b106084240e
:020000040000fa
:020000041d01dc
:103c6400a8ffbd270400a1af0800a2af0c00a3afba
:103c74001000a4af1400a5af1800a6af1c00a7af96
:103c84002000a8af2400a9af2800aaaf2c00abaf36
:103c94003000acaf3400adaf3800aeaf3c00afafd6
:103ca4004000b8af4400b9af4800bfaf12400000b5
:103cb4004c00a8af104000005000a8af019d1a3c72
:103cc400e8485a27000000000068044000600540ee
:103cd40009f84003000000005000a88f1100000103
:103ce4004c00a88f130000010400a18f0800a28fcc
:103cf4000c00a38f1000a48f1400a58f1800a68faa
:103d04001c00a78f2000a88f2400a98f2800aa8f49
:103d14002c00ab8f3000ac8f3400ad8f3800ae8fe9
:103d24003c00af8f4000b88f4400b98f4800bf8f6c
:0c3d34005800bd27c0000000180000422d
:020000040000fa
:020000041d01dc
:103d4000e8ffbd271400bfaf00a0023c3000428c4a
:103d50000a004014211880000000023c00004224a8
:103d6000200040100000023c0000000c0000000099
:103d70001400bf8f0800e0031800bd2780bf043c7b
:103d800010608424fbff80101400bf8f0100052405
:103d90001b00451080bf023c80bf023c20684224cb
:103da00080bf053c1868a52480bf063c0868c6246f
:103db00080bf043c10688424008007340000c7ac36
:103dc000000406240000a6ac0000858c0001a5308c
:103dd000fdffa01000000000000043ac5d4f400b51
:103de0001400bf8f00004224ecff401080bf023c53
:103df0000000000c000000005d4f400b1400bf8f5e
:103e00002060422480bf053c1860a52480bf063c8a
:083e10006e4f400b0860c62450
:020000040000fa
:020000041d01dc
:103e1800e0ffbd271c00bfaf1800b0af00a0103cea
:103e28000c18028e10004010000000001b008018c3
:103e3800211844002b206200110080540c00032438
:103e480000a0043c1018848c2b2083000c008054a4
:103e58000c0003240c1803ae1c00bf8f1800b08f91
:103e68000800e0032000bd27554a400f1000a4af0a
:103e78000c18028eedff40141000a48f0c000324d0
:103e880000a0023c600043acffff02241c00bf8f6f
:103e98001800b08f0800e0032000bd272b20430046
:103ea8000500801400a0043c1418848c2b206400a6
:103eb800e9ff80500c1803ae1600032400a0023c52
:103ec800600043acffff02241c00bf8f1800b08fb6
:083ed8000800e0032000bd27f3
:020000040000fa
:020000041d01dc
:103ee000e0ffbd271c00bfaf1800b2af1400b1af98
:103ef0001000b0af80180400019d023cdc55422444
:103f0000211062000000428c1c0091240000528ca1
:103f1000212800004081040000800334040043ace9
:103f200021202002019d023c984142244754400f29
:103f300021805000cf54400f212020020800048e21
:103f4000c454400f0c00058e1000048ec454400f62
:103f50001400058e0000048ec454400f0400058e2a
:103f60000080023c8000422424904202050040125e
:103f70001c00bf8f1800048ec454400f1c00058e17
:103f80001c00bf8f1800b28f1400b18f1000b08fcb
:083f90000800e0032000bd273a
:020000040000fa
:020000041d01dc
:103f9800e0ffbd271c00bfaf1800b1af1400b0afe1
:103fa8002180a0001800a28c21888000010005242f
:103fb8001000428c09f84000212000020e00401039
:103fc800ffff02240000028effff4224110040047c
:103fd800000002ae10000296080042300b004014a8
:103fe8000a0002240400038e211020020100642428
:103ff800040004ae000071a01c00bf8f1800b18f30
:104008001400b08f0800e0032000bd27f6ff2256f9
:104018000400038e1800028e212020020400428c26
:1040280009f84000212800021c00bf8f1800b18f3a
:0c4038001400b08f0800e0032000bd273a
:020000040000fa
:020000041d01dc
:10404400c23d0400ff00e7300080013c24308100c1
:10405400ffffe924fe00212d0d00201000000000c8
:104064008003e724404a0400024b09002530c900bc
:10407400402f0400004d07002530c900251005001d
:10408400251806000800e0030000000000000000fe
:104094000000052421208400f6ff801000000000a9
:1040a4000900e01400000000ffffe7242120840041
:1040b4008000013c2b088100fbff2014000000005d
:1040c400e7ff001000000000ff07072400ff013c89
:1040d400010021342b088100e6ff201400000000b9
:0c40e400e4ff0010f8ff063c00000000a4
:020000040000fa
:020000041d01dc
:1040f000211080002600c0101000ca2c1f0040159f
:10410000ff00a530005205002528aa000054050034
:104110002528aa000300833005006010040007244e
:104120002338e3002330c700000085b82120870032
:104130000f00c3302338c3000800e01021306000b6
:104140002138e400000085ac040085ac080085ac93
:1041500010008424fbff8714fcff85ac0300c330f0
:104160002338c3000500e010213060002138e4004e
:1041700004008424feff8714fcff85ac0400c010fb
:104180002138c40001008424feff8714ffff85a0ae
:084190000800e003000000003c
:020000040000fa
:020000041d01dc
:10419800060000000000000006000000000000000b
:1041a80006000000000000000600000000000000fb
:1041b80006000000000000000600000000000000eb
:1041c80006000000000000000600000000000000db
:1041d800050000004000000005000000000100008c
:1041e800050000008000000005000000000200003b
:1041f80002000000020000000200000008000000a9
:10420800020000000400000002000000000200009c
:104218000000000000400000040000002000000032
:104228000400000010000000000000000001000071
:020000040000fa
:020000041d01dc
:10423800d8ffbd272400bfaf2000b4af1c00b3af28
:104248001800b2af1400b1af1000b0af2180a000c9
:1042580021a080002198c00020001224ffff112413
:10426800110000122100022e211840020b18020230
:104278002120600221286000213080027052400f06
:1042880023800302f6ff51142400bf8f2000b48f4f
:104298001c00b38f1800b28f1400b18f1000b08fbc
:1042a8000800e0032800bd27211000002400bf8f6c
:1042b8002000b48f1c00b38f1800b28f1400b18f88
:1042c8001000b08f0800e0032800bd27d8ffbd27e5
:1042d8002400bfaf2000b4af1c00b3af1800b2afca
:1042e8001400b1af1000b0af2180a00021a0800061
:1042f8002198c00020001224ffff11241100001291
:104308002100022e211840020b180202212060020f
:1043180021286000213080028a52400f2380030246
:10432800f6ff51142400bf8f2000b48f1c00b38ff8
:104338001800b28f1400b18f1000b08f0800e0038e
:104348002800bd27211000002400bf8f2000b48f53
:104358001c00b38f1800b28f1400b18f1000b08ffb
:084368000800e0032800bd2756
:020000040000fa
:020000041d01dc
:10437000c03a0500425504002538ea000080013c9f
:104380002538e1004050050042550a001e0406246d
:104390002330ca000c00c018000000002000c12c0f
:1043a0000200201400000000000007340200a104f5
:1043b0000638c70023380700251007000800e0036f
:1043c000000000000000000002008010000000005b
:1043d0000100a534f07f013c010021342b08a1002d
:1043e0000300201400000000f4ff00100080023cd5
:1043f000ff7f023cf1ff0010ffff4234000000008d
:020000040000fa
:020000041d01dc
:104400002118e003019d083cf4e608250000098d11
:10441000180020110400082500000a8d040008255a
:1044200000000b8d090060110400082500000c91ac
:10443000ffff4a250100082500002ca1fbff4015c5
:10444000010029250500001000000000000020a147
:10445000ffff4a25fdff401501002925030008251f
:10446000fcff0a24244048010000098de7ff2015c5
:104470000000000021f860000800e00300000000d8
:044480000000000038
:020000040000fa
:020000041d01dc
:10448400d8ffbd272400bfaf211080000000043cea
:1044940000008424070080102118a000019d043c22
:1044a4008c4884242128c000213040000000000ce6
:1044b4002138600000a0043c3400848c0d00e0101e
:1044c4000800848c2148e000019d083c78480825b8
:1044d400019d053cb848a524213860001000a2af16
:1044e4001400a8afad54400f1800a9af9b55400f5e
:1044f40000000000019d083c884808253551400b08
:044504002148000149
:020000040000fa
:020000041d01dc
:104508008000a2301700401080200400019d023c6a
:1045180098554224212082000000828c08004424ff
:10452800180042240200a330040060100400a330e5
:1045380000100324000043ac0400a33004006050c2
:104548000100a53000040324000043ac0100a5309d
:104558000200a01000800234000082ac0800e003d2
:1045680000000000019d023c985542242120820051
:104578000000828c040044244b51400b1400422458
:020000040000fa
:020000041d01dc
:10458800e8ffbd271400bfaf1000b0af1000829441
:104598000200423013004010218080000000858c0a
:1045a8000c00a004211000000c00828c0600a25010
:1045b8000800038e0800848c3f53400f23284500d1
:1045c8000c00028e0800038e000002ae040003ae49
:1045d800211000001400bf8f1000b08f0800e00306
:1045e8001800bd27ffff0224040082ac2110000040
:1045f8001400bf8f1000b08f0800e0031800bd271b
:020000040000fa
:020000041d01dc
:10460800d8ffbd272400bfaf2000b1af1c00b0af5a
:104618000280c57007000012211000001000e3940a
:10462800010063300800601000a0033c0900042466
:10463800600064ac2400bf8f2000b18f1c00b08fd5
:104648000800e0032800bd27218880002120e00021
:104658006251400f1000a6af212020023f53400fa7
:10466800212800021000a68f2110c0002400bf8f4f
:104678002000b18f1c00b08f0800e0032800bd2780
:020000040000fa
:020000041d01dc
:104688004e614e002d496e66000000002b496e6693
:1046980000000000286e756c6c2900003030303046
:1046a8003030303030303030303030303030303002
:1046b8003030303030303030303030302020202032
:1046c80020202020202020202020202020202020e2
:1046d8002020202020202020202020200000000052
:1046e800000000000000244000000000000010400e
:1046f8007b14ae47e17a843f2d431cebe2361a3f28
:020000040000fa
:020000041d01dc
:10470800002a04000080013c2528a100c23d0400c5
:10471800ff00e7309e0006242330c7000d00c004c8
:10472800000000002000c128030020140000000041
:104738000500001000000224020081040628c500bc
:1047480023280500251005000800e00300000000ec
:1047580000000000807f013c010021342b0881000b
:104768000300201400000000f7ff00100080023c46
:0c477800f5ff0010ffff0224000000000d
:020000040000fa
:020000041d01dc
:1047840000000524254805002538050025300400cf
:104794000c00c010000000000600c104000000006e
:1047a4000080093c2b500500232805002330060017
:1047b4002330ca001e0407242040c8702338e800b0
:1047c40004300601c24205004055060025400a0196
:1047d4004050060002530a0025482a0100550700ec
:1047e40025482a0125100800251809000800e003bf
:0847f4000000000000000000bd
:020000040000fa
:020000041d01dc
:104800004e614e002d496e66000000002b496e6619
:1048100000000000286e756c6c29000030303030cc
:104820003030303030303030303030303030303088
:1048300030303030303030303030303020202020b8
:104840002020202020202020202020202020202068
:1048500020202020202020202020202000000000d8
:1048600000000000000024407b14ae47e17a843f42
:1048700000000000000010402c2066756e63746913
:104880006f6e3a2000000000000000004661696c75
:10489000656420617373657274696f6e206025733f
:1048a00027206174206c696e65202564206f662066
:1048b000602573272e0a0000617373657274696f37
:1048c0006e2022257322206661696c65643a206639
:1048d000696c6520222573222c206c696e65202569
:0848e00064257325730a000032
:020000040000fa
:020000041d01dc
:1048e800e0ffbd271c00bfaf1800beaf21f0a0033a
:1048f800004802401000c2af006802401f0042306a
:104908005c8082af00700240648082af0060034028
:10491800ff0f023cfeff4234241062000060824018
:10492800c00000006480838f5c80828f019d043cfe
:10493800505584242128600021304000f953400f4d
:0c494800000000005352400b0000000073
:020000040000fa
:020000041d01dc
:10495400c8ffbd273400bfaf4000a2272118800044
:104964004000a6af1000a427213040004400a7afa8
:10497400ffff07242200a7a7820007242000a7a77f
:10498400ff7f073cfeffe7341000a7af1800a3af7a
:104994001400a3af019d033c185663242800a3af61
:1049a400fe2b400f2c00a2af1400a38f000060a0c8
:0c49b4003400bf8f0800e0033800bd276e
:020000040000fa
:020000041d01dc
:1049c000d8ffbd272400bfaf2000b3af1c00b2af9b
:1049d0001800b1af1400b0af218080002190c0005a
:1049e000218885008052400bffff13240100102610
:1049f000e64f400fffff0482050053102400bf8fd5
:104a0000faff111621284002211000002400bf8f58
:104a10002000b38f1c00b28f1800b18f1400b08f2c
:104a20000800e0032800bd27d8ffbd272400bfaf42
:104a30002000b3af1c00b2af1800b1af1400b0af8c
:104a4000218080002190c000218885009a52400b6f
:104a5000ffff132401001026e64f400fffff0482e2
:104a6000050053102400bf8ffaff111621284002c1
:104a7000211000002400bf8f2000b38f1c00b28fd4
:104a80001800b18f1400b08f0800e0032800bd2784
:020000040000fa
:020000041d01dc
:104a900080200400019d023cdc554224211082004c
:104aa0000000428c0100043c0000438c2418640088
:104ab00009006010000000001000438c20006338e3
:104ac0004001637cf8ff6010000000002000428c71
:104ad0000800e003000000001000438c0100633078
:104ae000f1ff601000000000b352400b0000000016
:020000040000fa
:020000041d01dc
:104af00080200400019d023cdc55422421108200ec
:104b00000000428c0100043c0000438c2418640027
:104b100009006010000000001000438c02006338a0
:104b20004000637cf8ff601000000000200045acee
:104b30000800e003000000001000438cc000637c0c
:104b4000f1ff601000000000cb52400b000000009d
:020000040000fa
:020000041d01dc
:104b50000080013c1200801024308100020081049a
:104b600000000000232004009e00052420388770e8
:104b70002328a7000420e400800084248000882cdf
:104b80002128a800034204000100083123208800e6
:104b90004020040042220400c04505002520880072
:104ba000251086000800e00300000000000000005f
:020000040000fa
:020000041d01dc
:104bb00080200400019d023c98554224212082005f
:104bc0000000848c421005000000838cc228050080
:104bd000080063300a10a3001b004600f401c00067
:104be0001218000042100200010063244218030062
:104bf000ffff6524ffffa530400085ac1b0043008c
:0c4c0000f40160000800e0031210000046
:020000040000fa
:020000041d01dc
:104c0c000000043ce8ffbd27000084240300801052
:104c1c001400bfaf09f880000000000000008430d1
:104c2c000000a530019d083ce098082509f800011a
:104c3c0000000000019d023c545642240300401029
:104c4c000000000009f8400000000000f9ff00100f
:044c5c000000000054
:020000040000fa
:020000041d01dc
:104c6000e0ffbd271c00bfaf1800b1af1400b0af0c
:104c7000864f400f218880000700201a21804000c5
:104c8000ffff02240400021221200002212800005c
:104c90003c50400f21302002211000021c00bf8f29
:104ca0001800b18f1400b08f0800e0032000bd276a
:020000040000fa
:020000041d01dc
:104cb000e8ffbd271400bfaf06008004211080006c
:104cc000d452400f000000001400bf8f0800e00322
:104cd0001800bd274220040001004230d452400f8a
:104ce00025208200212040002d49400f212840002e
:0c4cf0001400bf8f0800e0031800bd276f
:020000040000fa
:020000041d01dc
:104cfc00e0ffbd271c00bfaf1800b1af1400b0af70
:104d0c0009008010218080000700a0102188a000dd
:104d1c0000000482ffff3126504f400f0100102687
:104d2c00fcff2056000004821c00bf8f1800b18fbe
:0c4d3c001400b08f0800e0032000bd2729
:020000040000fa
:020000041d01dc
:104d4800406088bfffff0000609080bf806088bf20
:104d58000000000000000000c06088bf00000000e4
:104d680000000000006188bf000000000000000093
:104d7800406188bf0000000000000000806188bf1b
:084d8800000000000000000023
:020000040000fa
:020000041d01dc
:104d90000000023c0000422405004010019d023c3e
:104da0005456422403004010019d023c3f00007015
:104db000019d023c204e42240500401000000000ee
:104dc000e8ffbd271400bfaf09f840000000000055
:084dd0007453400b00000000c9
:020000040000fa
:020000041d01dc
:104dd8000000023c0000422407004010019d023cf4
:104de8005456422405004050019d023c3f0000708b
:104df8000800e00300000000019d023c204e422410
:104e0800030040100000000009f840000000000006
:084e18000800e00300000000a7
:020000040000fa
:020000041d01dc
:104e200000606041c000000099aa033c81bf023cc1
:104e30005566632430f240ac30f243ac6655033c17
:104e4000aa99633430f243ac81bf023c01000324d1
:104e500018f643ac81bf023c10f6428c8a53400bdb
:044e6000000000004e
:020000040000fa
:020000041d01dc
:104e6400801004000021040023208200019d023ce4
:104e7400484d4224212044000000838c0800828c89
:104e8400080065ac04004010000000000400838c9e
:104e94002428a300080045ac0800e003000000003b
:020000040000fa
:020000041d01dc
:104ea400801004000021040023208200019d023ca4
:104eb400484d4224212044000000838c0800828c49
:104ec400040065ac04004010000000000400838c62
:104ed4002428a300080045ac0800e00300000000fb
:020000040000fa
:020000041d01dc
:104ee40080200400019d023c985542242120820028
:104ef4000000828c821805000000448c4000428c23
:104f040002290500080084300a18a4000100422484
:104f14001b006200f40140000800e00312100000ce
:020000040000fa
:020000041d01dc
:104f2400801004000021040023208200019d023c23
:104f3400bccf4224212044000800838c0000828cd2
:104f44000700062404186600040043ac0800838ca0
:104f540004286500080045ac0800e00300000000d8
:020000040000fa
:020000041d01dc
:104f6400801004000021040023208200019d023ce3
:104f7400bccf4224212044000400838c0000828c96
:104f84000300062404186600040043ac0400838c68
:104f940004286500080045ac0800e0030000000098
:020000040000fa
:020000041d01dc
:104fa400e0ffbd271c00bfaf00a0023c3400428cd0
:104fb4002400a5af2800a6af2c00a7af21288000ad
:104fc4000400448c2400a22721304000fe2b400f13
:104fd4001000a2af1c00bf8f0800e0032000bd2713
:020000040000fa
:020000041d01dc
:104fe400e0ffbd271c00bfaf00a0023c3400428c90
:104ff4002400a5af2800a6af2c00a7af212880006d
:105004000400448c2400a22721304000fe2b400fd2
:105014001000a2af1c00bf8f0800e0032000bd27d2
:020000040000fa
:020000041d01dc
:10502400e0ffbd271c00bfaf00a0023c3400428c4f
:105034002400a5af2800a6af2c00a7af212880002c
:105044000400448c2400a22721304000fe2b400f92
:105054001000a2af1c00bf8f0800e0032000bd2792
:020000040000fa
:020000041d01dc
:10506400e0ffbd271c00bfaf00a0023c3400428c0f
:105074002400a5af2800a6af2c00a7af21288000ec
:105084000400448c2400a22721304000fe2b400f52
:105094001000a2af1c00bf8f0800e0032000bd2752
:020000040000fa
:020000041d01dc
:1050a40080200400019d023c985542242120820066
:1050b4000000828cffffa330022c0500d83b04249f
:1050c400040044ac00200424140044ac080043aca5
:0c50d400180045ac0800e00300000000dc
:020000040000fa
:020000041d01dc
:1050e00080200400019d023c98554224212082002a
:1050f0000000828cff00a530002c0500ff01033c5e
:10510000140043ac180045ac0200c0100001033c81
:0c511000180043ac0800e00300000000a1
:020000040000fa
:020000041d01dc
:10511c00801004000021040023208200019d023c29
:10512c00a0ca4224212044000400828c0400a01454
:10513c000800838c040043ac0800e003000000006e
:0c514c00080043ac0800e0030000000075
:020000040000fa
:020000041d01dc
:10515800e8ffbd271400bfaf00e0827c01400424b3
:1051680081bf033c20f462ac81bf023c30f445ac03
:10517800984d400f000000001400bf8f0800e003a6
:045188001800bd2727
:020000040000fa
:020000041d01dc
:10518c0080200400019d023c98554224212082007d
:10519c000000828c0400a0140001033c140043acfa
:1051ac000800e00300000000180043ac0800e00316
:0451bc0000000000ef
:020000040000fa
:020000041d01dc
:1051c0000400828cffff032403004310000080ac26
:1051d0000800e003040083ace8ffbd271400bfaf64
:1051e000dd4e400f010004241400bf8f0800e003cf
:0451f0001800bd27bf
:020000040000fa
:020000041d01dc
:1051f400006803408000023c251062000068824081
:10520400040080100010032488bf023c0800e0035f
:10521400041043ac88bf023c0800e003081043ac10
:020000040000fa
:020000041d01dc
:10522400801004000021040023208200019d023c20
:10523400bccf4224212044000000838c0800828ccf
:105244000000638c061043000800e00307004230ae
:020000040000fa
:020000041d01dc
:10525400801004000021040023208200019d023cf0
:10526400bccf4224212044000000838c0400828ca3
:105274000000638c061043000800e0030300423082
:020000040000fa
:020000041d01dc
:10528400100083942428a3000700a0100100022426
:1052940040006334100083a40900032400a0023cee
:1052a400600043ac211000000800e003000000008f
:020000040000fa
:020000041d01dc
:1052b400e0ffbd271c00bfaf2800a2272800a6af2f
:1052c400213040002c00a7af3e29400f1000a2afb0
:1052d400211000001c00bf8f0800e0032000bd2740
:020000040000fa
:020000041d01dc
:1052e400e8ffbd271400bfaf00e0837c0440042422
:1052f40081bf023c20f443ac984d400f00000000f5
:0c5304001400bf8f0800e0031800bd2754
:020000040000fa
:020000041d01dc
:10531000801004000021040023208200019d023c33
:10532000484d4224212044000000828c080045acf6
:0c533000240045ac0800e0030000000071
:020000040000fa
:020000041d01dc
:10533c00801004000021040023208200019d023c07
:10534c00a0ca4224212044000000828c0800838cd7
:0c535c00040043ac0800e0030000000067
:020000040000fa
:020000041d01dc
:10536800801004000021040023208200019d023cdb
:10537800a0ca4224212044000000828c0800838cab
:0c538800080043ac0800e0030000000037
:020000040000fa
:020000041d01dc
:10539400801004000021040023208200019d023caf
:1053a400a0ca4224212044000000838c0800828c7f
:0c53b4000000638c0800e003241062007d
:020000040000fa
:020000041d01dc
:1053c000801004000021040023208200019d023c83
:1053d000a0ca4224212044000400838c0800828c4f
:0c53e0000000638c0800e0032410620051
:020000040000fa
:020000041d01dc
:1053ec0000a0033cf417622401000424080044ac20
:1053fc0000a0043c20188424f41764ac0000033c87
:0c540c00000863240800e003040043ac27
:020000040000fa
:020000041d01dc
:100ed80080200400019d023c985542242120820074
:100ee8000000828cc0c00334140043ac180045ac29
:080ef8000800e0030000000007
:020000040000fa
:020000041d01dc
:1054180080200400019d023c9855422421208200ee
:105428000000828c07000324040043ac080045ac4c
:085438000800e0030000000081
:020000040000fa
:020000041d01dc
:10544000e8ffbd271400bfaf00a0023c3400428c2f
:10545000e64f400f0400458c1400bf8f0800e003a6
:045460001800bd274c
:020000040000fa
:020000041d01dc
:1054640080200400019d023cdc554224212082005e
:105474000000828c2000428c0800e0030000000041
:020000040000fa
:020000041d01dc
:1054840080200400019d023cdc554224212082003e
:105494000000828c200045ac0800e00300000000fe
:020000040000fa
:020000041d01dc
:1054a40080200400019d023cdc554224212082001e
:1054b4000000828c300045ac0800e00300000000ce
:020000040000fa
:020000041d01dc
:1054c4000100843003008014000000000800e003a1
:0c54d400006060410800e00320606041bf
:020000040000fa
:020000041d01dc
:1054e00080200400019d023cdc55422421208200e2
:0c54f0000000828c0800e0032000422431
:020000040000fa
:020000041d01dc
:1054fc00e8ffbd271400bfafe64f400f00000000cf
:0c550c001400bf8f0800e0031800bd274a
:020000040000fa
:020000041d01dc
:10551800e8ffbd271400bfaf3e29400f0000000080
:0c5528001400bf8f0800e0031800bd272e
:020000040000fa
:020000041d01dc
:10553400e8ffbd271400bfaffe2b400f00000000a2
:0c5544001400bf8f0800e0031800bd2712
:020000040000fa
:020000041d01dc
:10555000457863657074696f6e20617420257820ca
:085560007479706520257800c4
:020000040000fa
:020000041d01dc
:1055680000800340f8ff0224241062000200423445
:085578000800e00300808240fe
:020000040000fa
:020000041d01dc
:1055800000800340f8ff022424106200030042342c
:085590000800e00300808240e6
:020000040000fa
:020000041d01dc
:10559800006080bf006880bf006480bf006280bf79
:0855a800006a80bf006680bfad
:020000040000fa
:020000041d01dc
:1055b00000601a40bfff1b3cffff7b3724d05b031a
:0855c00000609a40180000424f
:020000040000fa
:020000041d01dc
:1055c80072017427750000000000c8420000804383
:1055d800000080440000000000000000005a80bf66
:0855e800005880bf005c80bf89
:020000040000fa
:020000041d01dc
:1055f000c051019d783a019d8845019d0846019d55
:045600008452019d32
:020000040000fa
:020000041d01dc
:1056040000a0023c3400428c010003240800e003a3
:04561400380043ac6b
:020000040000fa
:020000041d01dc
:105618009856019da056019da856019db056019d22
:04562800b856019dd2
:020000040000fa
:020000041d01dc
:10562c0000a0023c3400428c010003240800e0037b
:10563c00380043ac00a0023c3400428c010003242f
:08564c000800e003380043ac44
:020000040000fa
:020000041d01dc
:0c5654003f0000700800e00300000000b0
:020000040000fa
:020000041d01dc
:0c5660000a0d53656e64696e673a200005
:020000040000fa
:020000041d01dc
:0c566c000d0001000800e0030000000039
:020000040000fa
:020000041d01dc
:085678000800e003206062411c
:020000040000fa
:020000041d01dc
:085680000800e0030060624134
:020000040000fa
:020000041d01dc
:085688000800e003000000002f
:020000040000fa
:020000041d01dc
:085690000800e0030000000027
:020000040000fa
:020000041d01dc
:085698000800e003ffff0224fb
:020000040000fa
:020000041d01dc
:0856a0000800e0032110800066
:020000040000fa
:020000041d01dc
:0856a8000800e00321100000de
:020000040000fa
:020000041d01dc
:0856b0000800e00321100000d6
:020000040000fa
:020000041d01dc
:0856b8000800e00301000224d8
:020000040000fa
:020000041d01dc
:0856c0000800e0038000022451
:00000001FF
